N,P,K,temperature,humidity,ph,rainfall,label
74.9816047538945,58.52142919229749,51.95981825434215,24.789267873576293,82.34027960663654,5.733991780504304,158.71254182522992,rice
94.6470458309974,48.03345035229626,51.242177333881365,20.16467595436642,94.54864778242991,6.7486639612006325,181.85086660174142,rice
67.27299868828402,35.50213529560301,39.12726728878613,24.198051453057904,86.47917527963173,5.936843710297063,241.77793420835692,rice
65.57975442608168,38.76433945605655,40.99085529881075,23.64855987373629,91.7776394208952,5.799510673237539,227.13516576204174,rice
83.6965827544817,31.393512381599933,48.226345557043146,21.36419298949833,80.9757738947792,6.92332830588,294.8448049611839,rice
92.33589392465845,39.13841307520112,32.93016342019152,25.473864212097254,86.60228740609402,5.683057352267168,224.27653651669053,rice
61.375540844608736,57.27961206236346,37.763399448000506,25.300178274831858,84.67566614134117,6.280102031766717,232.00654190149194,rice
67.39417822102108,59.08753883293676,53.253984700833435,27.515991532513514,93.42241025641474,6.396849968216628,288.2811352534675,rice
63.53970008207678,35.87948587257436,31.35681866731614,22.602642646106116,85.83015934534222,5.9070235476608435,274.3106263727894,rice
74.27013306774357,38.42803529062142,46.28088249474746,21.1273937997981,92.0329547113106,5.611825965519656,298.0330404900776,rice
90.8897907718663,35.961470446025174,30.165663513708072,26.523691427638674,90.60286015771426,6.593510752061481,265.6905520028919,rice
62.96178606936361,40.75397185632818,33.47607178575389,26.90482740700475,89.34947190241337,5.996347037278974,159.53375254290356,rice
72.4392928686265,39.755499660802414,51.888185350141924,25.100459770841706,93.3081911386449,6.208322387742924,167.93913689074526,rice
88.5297914889198,52.82355145850693,46.83831592708489,26.16773743963649,87.40693394546587,6.284099244072991,214.13115275378243,rice
61.01676506976381,33.23674280979913,30.942875570602027,25.091283290110244,84.7153397161449,6.2628560367470545,286.13497108891397,rice
69.971689165955,42.31148769106889,52.66653415629146,21.83038532393298,81.1546986474319,5.934627179370652,174.18319308810067,rice
97.18790609370292,54.24361138693251,49.002112695312704,26.97168472150174,92.05508115348671,5.779855088329054,283.88384977349665,rice
81.57368967662603,54.22320465492187,56.8827389977048,22.54402779977491,81.65077886791515,5.841902743812913,214.06616829393846,rice
92.72059063689971,55.82191749769031,30.20856391593572,24.085978420620528,86.26116504723169,5.833161715706096,167.97980510005243,rice
73.50460685614512,58.287291117375574,39.696087960622656,24.15032497394693,90.54528438342767,6.045444403568941,295.7673124081441,rice
98.49789179768445,37.553468874760924,44.91745517677156,22.407026478534156,84.27260741566201,5.555330421031799,241.4346500969845,rice
80.10716092915446,31.54436253749968,38.359393927098346,27.26612708773323,83.59342836000458,5.717342308136835,223.41791404163445,rice
99.42601816442402,37.26165814534501,50.16406642217636,26.09295692262974,83.56456315988599,6.59232452291779,205.16746990788798,rice
85.29223322374318,49.00589132282684,46.073240522242756,20.722318160435265,92.52953743383857,5.981170097457603,177.97777655997814,rice
61.63100566219056,47.72678829564725,50.32693085526847,20.13270263142285,87.68139587448921,5.839743662796907,246.77591856141748,rice
66.97465716019965,50.72813214307398,41.602060389016124,27.493839909893875,82.0628141621899,6.011599526575388,167.02102818608836,rice
96.98774473114251,56.32018060142943,37.73824883145467,25.27987236827343,92.25833300301824,6.332801217399194,229.44758675340097,rice
69.67409163601806,32.79308303417697,56.91647273859981,27.203344457306642,89.49652185909902,6.008544686573051,202.38143619189913,rice
89.03822715480958,56.913307798577314,56.61259272795352,26.23900436686099,89.63047469231432,5.6262099474925735,174.24430711419205,rice
95.94216754108317,48.1928717897877,30.27591154849889,20.811772342928258,89.95252653662084,5.507592375769328,174.1212077126248,rice
81.94935157466344,50.7568559307808,49.55883778507801,21.79415447568448,90.68268832021303,5.8558736312452,198.80995472389014,rice
89.85965620472096,49.48898697141644,55.47670231482534,25.260903138402746,88.52462905003208,5.640512151742139,205.157370458915,rice
70.60809470726902,37.319689301372506,59.190316642573364,23.144781797334083,93.3806983276567,6.446707938995894,269.2216955312473,rice
80.10548372420769,47.30711653879077,44.77553081456592,21.561943902384357,90.83678172892257,5.921158543661283,153.64739496471807,rice
85.81889183628671,35.31332038221147,58.21375753058743,27.6314286160207,93.72296585330673,6.055238050383167,152.3184924793301,rice
97.13274250350901,42.84552444951943,58.999644571310085,27.70895981671402,92.7951418320104,5.941673338104379,207.7646592902888,rice
94.04546686067428,39.50766015468833,35.084782400582775,24.454410099666802,94.04232161241171,6.54404469501246,235.50917551340473,rice
63.887059750830744,48.45021680097509,59.7016155031279,21.12067212189219,87.77494478545606,6.816059607891933,261.1152926631307,rice
87.88062963981072,51.07452251961328,40.78473453659265,22.348734754115945,92.1404173321777,6.715170092018771,280.0608477870155,rice
96.52962210225886,45.34027196582814,45.04548884061599,26.3863614317342,89.74945896166648,6.552950315886555,269.36890041541517,rice
95.60021367270265,40.13985470554607,41.26748857919832,20.751855518726952,88.6742021149426,5.553913410695113,219.83970271986902,rice
81.70578538830307,38.59623756384853,47.724997817070324,20.244001999512395,80.56022283123822,6.733900840989487,204.02859621168943,rice
65.0824205060754,45.66729780164413,53.09980659295832,21.726568219974745,89.34335713728501,5.628021197490652,157.75225817529116,rice
81.25418526272591,46.219053648303195,49.1228970449462,25.80873066978129,94.63778119193802,6.274450522451793,198.4434709411869,rice
91.80744779074814,38.124967537862226,43.16914262116909,20.627651050738127,80.38026115123186,6.943972622016887,275.3970180768309,rice
87.83896824374793,42.268588332428095,35.19882960212537,21.25149634136869,83.75364347246892,6.3238399970591805,257.18938840500937,rice
86.40789506870925,38.39801690837828,58.64595841989582,25.903175333566146,88.31531078767101,6.417581119351528,212.94000936416847,rice
69.9092395800463,40.679180359537845,52.735383313931074,20.115147909038047,81.74108960760374,5.569003963032629,156.1093203478455,rice
94.21842336044028,51.109735781400715,44.22521487261976,20.782673285208013,87.37423812675249,6.210207656170849,175.98028048650227,rice
77.35406596951893,41.955142031921206,48.47550294156649,25.08074920694115,80.67956014658067,6.061918921939707,243.87898735713546,rice
80.12545034320351,55.69469523564967,49.760808948568354,21.303475416651438,81.05853121100645,6.463628917309474,153.97669658124326,rice
83.43102325093852,58.20690724274873,47.26422533627637,23.105359409652173,89.6493232766353,6.187379335737275,231.84251839739022,rice
97.658592351061,41.58307913402323,58.83571691471742,27.24280513564851,82.93686702183945,5.604041951312748,165.11670020661398,rice
60.72887302606199,32.83328882267785,50.490203202490704,20.56950918768183,84.78463445440642,6.767312966454182,153.4907903603739,rice
92.57873930355743,38.455643243202,33.54494482864969,25.573897322913204,89.43414270169826,6.8162080202905795,260.26065657058285,rice
92.13923721539393,38.4610371771392,35.32318631339169,26.00491801312687,92.10252108900896,6.98575771300101,211.89265153671397,rice
74.88072343171133,53.29238882225991,40.22410620759054,27.44605860482852,92.87619127764518,6.143491041062528,262.6306601687246,rice
90.1817149633873,33.09371606507798,57.076587200386996,24.042018979582856,92.39686199161612,5.9800744015459175,284.3284842744301,rice
75.56806714936653,30.325129544408952,57.16145929257791,20.73029341428907,84.78970456385622,6.925092950576207,292.59107204063343,rice
82.93751552493144,48.95511636509398,43.45336565934959,22.345686173584518,84.92996818054874,6.508777684115557,262.85617941565204,rice
91.66316174903395,53.68854428383662,32.73618309146071,23.95536243762065,80.86338140024966,6.324293323485604,216.22957520600656,rice
95.508167310332,40.527450376562356,33.512010492828175,21.143933456422687,91.42265947576209,6.427327094974392,165.16840141841854,rice
63.364272244599896,51.0290739437736,32.182890190925804,26.57488047432285,90.59363340734744,5.62202317096285,162.72565711277878,rice
99.46558314004702,41.22812387268361,41.11926441200673,26.50239653806002,94.20872866075788,6.979001595734307,263.00672778884126,rice
75.05038342123663,32.50502150096006,53.3144074778231,24.46723399788644,86.36333013870464,6.8595315776421035,166.6796223459227,rice
79.70500417163436,30.34060934302257,44.05981925982379,20.450426205454697,81.78226874402108,5.676289370165657,247.38154531740952,rice
89.84179517061693,47.50106295291479,58.86517645423626,22.998964636189633,84.28568129422791,6.80289869228419,183.53937577791788,rice
98.52890157762445,30.36463424069449,59.09636480122917,20.34527929560461,93.36714670547107,6.29155166362945,298.94471941789504,rice
62.95186258941595,46.61562853203962,59.079076068572974,24.18478275336119,89.44097957202894,6.543623033476926,218.181159715166,rice
85.10232320336254,47.529429357693004,57.034740314729675,20.363571042731664,84.21444784388345,6.925617226114838,283.53956758363745,rice
78.22627011142852,48.6039779340461,38.32143548943398,21.50496927779009,86.95547607409974,6.0300283420390794,237.5484167776308,rice
63.10938547859939,59.23184422998499,59.586322334388086,25.585293712157963,88.04144549516181,5.964291424429492,272.0692529560423,rice
87.38924690215518,34.87850818034674,57.32781553481527,26.580297943385354,94.24699869937886,6.58857926258254,242.01227939036846,rice
76.72972145162475,57.9818545006204,55.98191668501225,20.361749360849515,80.39550461745878,6.0646950503170745,271.58299961727494,rice
99.49104517259778,34.512506733105845,47.82392146056405,23.047126853048173,94.54871596721905,6.763178384703563,275.74930570667067,rice
78.7477263917988,42.44458507012995,38.20221215792119,20.451003973207417,92.9708356438258,6.719351513695116,299.9576509929196,rice
99.86547348295622,46.66295116807882,53.06962245541531,27.558125839059425,92.74471086016118,5.871022152614796,217.58162029651402,rice
65.1663766060598,58.621530817761666,48.1852390335264,21.829142444027703,90.07551026608785,6.427192360686844,203.72440770492608,rice
64.54230368798517,50.14719586778399,45.6092310271138,26.178547133885115,87.8024525166799,6.77827225047781,232.78602581617284,rice
82.43751886141546,56.29960807975035,42.10448598637191,21.072121827605127,80.43174014470009,6.632705883510429,243.04643270301972,rice
88.16319072396894,36.388924845267326,34.09114426760309,20.116357325343056,85.25881338209895,6.38487653028195,208.83660676495984,rice
77.49899688094916,57.12476083481245,40.447664010699015,24.111915913278487,91.75479519111715,6.094814173481906,243.313005034181,rice
94.4945483498698,58.485618709729266,34.41220442787114,27.412701001291957,87.38174439619307,5.887366582448437,218.8703634357392,rice
99.20130301141909,44.77854281978609,39.86254830862525,25.067206834533806,83.60218428167289,5.613794992162996,169.3319582865974,rice
65.1218335583109,34.55708080536883,34.164815179482304,25.12699795842572,82.72820126598717,6.018500924985795,284.5182614859018,rice
78.95846561051489,50.02673215563081,35.169596136048895,21.538312150469366,80.61302924399719,5.7534025946082465,191.78855085479378,rice
67.08041937106987,32.66107601271167,33.61907613301803,23.686230144261806,83.0950057760869,6.0464047915721135,225.51259062822854,rice
87.61579314517462,31.179364195232967,53.98231196727128,25.023203115927263,81.22638547923307,6.810367936160166,288.130860079772,rice
62.44311839419455,38.30632944441611,54.18603839379184,25.986077523069266,82.76781529034567,5.814023985005066,205.5708154187073,rice
79.38091940764085,48.54764314590888,41.067409187093176,23.700277729065185,91.21206407200634,5.555024804335897,187.8655416516031,rice
88.5339834353821,56.856205130615976,45.35032326346998,24.256907882122526,81.60758017009664,6.171118550235182,229.89258996825347,rice
69.69882014538919,38.07729692848143,41.31852489313868,20.16056958222181,84.83118748374767,5.817172010494817,199.12460282668718,rice
64.79048527277004,56.71581842219685,47.80777360662146,25.43281855315592,91.83756857911007,6.247663298393586,163.03804321311355,rice
81.48426167274191,47.60523354062637,52.3631842255299,23.453276369837436,81.91370454193346,5.925663858698087,204.46234445979525,rice
85.83668965326405,47.12334914006736,40.68290177693539,27.89212199034384,89.0866222903533,5.855840187603992,165.26737089306056,rice
66.11436556737328,37.37873185153524,34.82044119778667,21.492536192410448,84.2764275304077,5.760060392942132,284.5148136939638,rice
63.20934982646569,45.73534168710764,42.31190480968985,27.859028935268853,81.68058353252079,6.096783398568612,295.42056499130535,rice
94.62028503575921,54.512162128478394,37.7370848113482,21.367100699120527,90.02964829886646,6.894063983691378,233.51443395208946,rice
82.864507578796,38.399372809808526,53.084787995758106,21.49634998846019,84.85518854606366,6.138154657924625,226.14155680266825,rice
69.69638929660321,33.445104742176106,48.31860127324897,22.309044425922046,88.71857332133918,5.731544072911303,222.17101527822263,rice
81.30357730206343,41.55470610467281,30.098128345817617,19.34414676938974,56.267499409455354,7.479920464779891,76.11769224873615,maize
92.3949778341854,47.63921964291291,40.44508166671788,25.602278598896866,66.91277481215688,6.443152377100317,80.59204570736343,maize
73.95473066171981,67.88587432743478,44.918582233631874,27.650269106665128,57.485944469710894,6.961734950407289,106.91702284105189,maize
67.24932264662641,41.99488802100333,42.23361947870177,23.74473113179912,71.83657553516544,5.779544753252579,99.76336559299452,maize
68.06509280190978,44.90967828597113,24.92797393792979,26.14574720231382,68.303944413924,6.546130849538239,77.94152420617513,maize
95.08802163252433,51.77335322267906,44.497983184147316,22.391349085702185,62.53888858849815,6.425359571339213,75.0688937082071,maize
89.90437520705004,55.081611702774374,26.96638085440452,26.995745732745682,62.67782442746423,6.587105722227977,105.32360554822735,maize
84.96951983655968,43.50694122125092,48.19496370840425,24.27708053071418,61.69811229314172,5.778544145326775,99.7012594635148,maize
84.80291023714054,56.00383275928965,46.816777491528725,25.885972112245305,58.033497594655024,6.123444135591097,72.42445699072329,maize
89.75785170290708,41.00597304207338,37.0966905461395,25.624586857406904,72.53531273523498,6.184163497431815,101.06286523360063,maize
64.42526947820829,65.39356875203555,23.824659869959472,21.972872905603673,70.94590731559107,5.799834854697547,71.46256976163207,maize
88.89010273572265,61.601096096382236,39.23442898655892,24.939484444671002,65.85448886695193,6.0035981178139055,77.28479967519597,maize
67.26390867205703,67.25351684000884,37.50175384298362,22.0085141676364,64.24011607288266,7.39456667922363,67.66757015580401,maize
83.44919328067189,55.17666036653398,38.343627063039435,18.181101838208406,72.44247817888302,7.364236564967225,88.25665917946044,maize
87.8660329550757,67.67498143531887,41.217159029401955,19.525390429142615,66.52576720333626,6.713430092765712,81.2065335651193,maize
89.45776942498891,68.03101044307044,47.767055387203285,22.508393714041322,57.264760916815106,7.469682397924669,101.94490432229671,maize
64.98650724813068,67.62525647852117,46.09689086186385,23.188380571260723,66.82550871489859,6.298005407740261,62.73808194110157,maize
73.40788966583604,64.08560345794035,20.138960690138084,21.334991716911443,62.96337387181887,6.5747912058758455,105.99278082063802,maize
73.85383977463844,50.40859605688683,42.125037443292456,22.522179408898072,59.49209645879964,6.404879032265387,67.04285101898999,maize
67.05547946024893,54.95103318218439,32.56776348513644,27.148459010681,62.24787798233266,6.661176700556087,91.61321439597651,maize
60.523778263533345,59.906121160501314,25.341079006092542,27.61070317469455,57.97325455506226,6.329248247454047,64.26748340393219,maize
99.87497007383789,55.065850309937275,37.86155051960131,18.670764773884276,69.99920940798356,5.919811186191172,104.90271447203568,maize
68.20558561928028,45.720631619909994,21.096490035442848,22.720669451099994,66.29682266525234,5.631417278856705,98.77638083475053,maize
78.13155338992111,55.7317080798274,33.222882408146845,22.00763060875326,66.19280662616436,5.810480491861425,69.09640652476355,maize
94.47142484054069,68.38346386400897,31.199279488392587,20.70744673143554,67.87999086478031,6.317468342196193,61.26931778301724,maize
66.24610389464762,61.47916686542193,39.76771825730454,18.270959925034834,59.43944323865899,5.962149593176143,93.59463717993643,maize
60.788421510174565,43.123257459537214,43.99748256119568,19.785446620543336,68.0549221570375,5.976365562093453,64.97206963796725,maize
69.72688763997816,61.66800795566978,45.67089404318857,26.302198645669918,62.943670592369095,6.836170273141292,70.24921477079104,maize
71.72590921044053,66.89007455563359,20.390057705322082,18.85508530854468,59.157725102920544,5.553064407747639,69.07177175448987,maize
83.32166243878768,52.642736517774935,46.780151332309245,26.17443561738441,61.83634703395752,6.018846866862585,78.98462040836334,maize
83.6117977005923,48.041909224686286,38.72446723547402,22.094116521912404,66.0409436170396,6.372253058270633,74.72328797709588,maize
97.93813227848626,62.908173824792826,24.203395272993575,26.68467975897913,64.74862396499027,7.289104453788183,99.99276279736577,maize
77.00854017876934,40.67407924960352,28.060320781548384,23.41634214660867,67.66956439652294,6.015775370866405,66.96780370364121,maize
93.39720947197196,69.53206542110657,35.770705469080575,19.716792858483036,60.44614653038738,5.536781353094933,105.71494032802495,maize
64.71004331560565,57.29549426542761,28.22165662061618,23.541780025157934,68.02840776703728,7.159483607414403,70.32106358803016,maize
60.43983314633922,44.10656890206422,47.00055925544315,26.738900775625154,66.94826204340616,6.701033720867307,93.25183372731277,maize
67.01485114493798,67.4323583777488,32.56311574676219,21.831385282494974,65.37835410565675,5.59393193355011,68.31416843780397,maize
89.52134465705481,42.483960037753796,38.09456328399165,20.45349109681321,62.78591228083953,6.0773874735414,77.78363582324747,maize
88.76183620736981,48.91365146869525,36.99213920890692,22.760504021990997,68.27342330725295,7.373659478649516,96.62860486051252,maize
68.59761514363026,40.93549405183854,27.867921328994754,23.95077930700255,56.02851626968501,6.492732494402473,89.84214244584446,maize
73.36975563267843,63.12736611237466,23.197947594013154,18.751377817358087,69.56377512407207,6.490982632412397,94.4201198213868,maize
77.39309354414985,47.3920609971732,44.57306953022599,25.99415878968979,68.89392941708854,6.044290274459925,89.51153334345435,maize
74.43895587760107,42.747462199799024,47.51940726386728,19.368186309189614,74.00474707641605,6.392011545915912,69.25664644193098,maize
81.67603789513433,66.18837507629225,41.96674659228684,26.0656114786145,68.17566733421435,6.884553129035705,102.45978257826596,maize
69.98672035436743,54.68274890929422,26.636283254588065,27.87668007996647,73.88118679373227,5.578853622737012,95.27875862578442,maize
97.00993269662663,45.417260353820005,37.038356916578884,27.15488297588042,55.67891957171598,6.89484053449368,74.86745036862754,maize
96.97584781506121,69.13174735496104,48.32799467340302,22.742142166574638,72.24085301978627,7.189098797070141,75.95502366216279,maize
93.1566189660271,41.11022904146478,37.888096354461595,20.30008837287703,57.41133771554558,5.653906403258418,94.81443879390699,maize
73.59499855072265,61.74300314586284,21.96069022396827,21.152903378306103,65.78982584750675,7.081446329677927,75.9376251466035,maize
85.03565505748037,66.57933244708562,38.47589564546914,20.329594747536337,55.48801563113076,7.24019774780186,61.063470542519354,maize
94.98806690736798,55.868114020816364,48.17203095538689,25.987832357736654,74.95868221066675,6.20142363090342,98.35941444655634,maize
76.07723654436968,54.396268609117264,38.8251638965511,26.736771141863386,74.6816693839859,7.036546827729037,80.8883391083667,maize
76.85428009108281,62.12746904766674,27.16331437304907,19.104741131313947,62.092443152815534,6.074477983308164,74.81540602279951,maize
69.3443100419964,41.26279568909086,20.536218042002414,27.877223897360317,63.55546267471725,6.268653294319363,93.9823641346535,maize
68.73015551460257,68.49883551850675,43.590350432466565,18.894110023122597,63.35161551569857,7.258236615124329,107.2366011145705,maize
78.69606044999479,58.40234167632123,25.011018382762256,27.911686261369766,59.63343402766887,7.385463548270251,92.48233244961843,maize
84.30947179515437,55.38065533049526,26.92009435153276,19.765280320055084,59.409724181403504,5.872876524288509,98.97922367833766,maize
74.00501036666921,41.73528029690189,49.07307890422434,26.83785884963426,73.55504566390425,7.489815645292871,68.69476246097436,maize
75.84968075610635,62.74715427112274,40.88061854161377,19.53895906339855,71.31666249981235,5.948881143673321,71.19088074113115,maize
81.47897691573654,57.78819804525109,37.402586235134336,18.914868373977548,72.5492172526076,6.031200085177412,66.47574606414021,maize
95.54992319475909,68.6695449468926,45.86382851796352,26.09516074724878,68.10483961278044,6.601714741218279,64.34933799557051,maize
76.33812852282794,51.18065551036942,27.792613512809787,25.23420113688585,64.91751470157541,5.662092431815296,71.00916009749056,maize
87.33035054638384,42.283925784709005,45.53620742146306,22.951465270139742,64.61173154653297,6.684815569319035,101.23404829625746,maize
73.91236831608772,60.34048457677191,36.97195891987373,20.670282701694212,72.57259972710315,7.094852043213856,92.92259173292128,maize
94.02326916376967,66.01882602879407,41.25088930145104,26.37013328363672,68.94942923338567,6.860281543520601,90.93056891075922,maize
90.10866558230565,44.75815315879221,46.426122775967855,26.718435277452322,55.58494566069118,7.151633501129526,66.44349337367225,maize
73.40475417036568,62.30524768874823,24.822796881449246,26.17967024119062,71.64268355915485,6.514935467521672,60.31929358584168,maize
71.48152532699652,58.507807551272265,49.435585340822705,24.318135270166685,60.196071621283195,6.768011406199223,86.99926898579278,maize
91.19381580604575,43.20941916480875,42.83083707506084,23.412665786761103,74.25984007717989,6.183744332077373,91.6310946566974,maize
97.2811242204007,43.07529183972038,48.11685461709354,24.878857223008133,56.35674118210344,6.101927133893632,95.40860443226407,maize
62.69402405875087,57.4651138052882,30.376491708588702,24.20915517767477,55.91484067625026,7.2430736123047526,108.67444845886985,maize
98.75511421142767,62.48955495228774,23.90258720391896,25.582631959290225,55.49173832917603,5.5442471030579945,76.18051095747705,maize
79.54572761618664,63.112222534233794,40.49886129819515,22.459027063767483,60.47253332563332,7.494249000315422,81.30906511179865,maize
78.05548097318702,44.90871463575007,43.84428646249788,24.936822257814885,59.41539225577521,5.664762091231685,94.02496510373565,maize
86.1804485712454,48.19778580994628,48.52590686751231,19.510578917809003,63.64669602085204,7.387231840335198,80.98636584630611,maize
85.54103790656342,51.92783193888383,28.226456070460102,27.83977647959828,63.18668012630086,7.288198407358269,71.49773029455432,maize
68.52418816100334,40.93402248653534,39.550004761276554,21.685263437237612,72.28716499679274,6.446419813383114,108.40967139573608,maize
67.42102062812485,66.05869503866832,43.297905583752254,25.70921844644052,71.89566456233776,7.022047981885998,91.31101608157077,maize
65.2497951072955,40.975785384737556,47.6254354344706,24.16650314520738,70.93074581952352,6.4630447030251,65.86540944811972,maize
65.00743168810202,60.566958616869144,32.90917684698388,20.005247267003366,64.83189093482873,5.628417874150268,89.09857009571994,maize
70.75973617740391,63.92677301911564,29.310858767707213,22.552201490818014,55.232410798162014,5.644893775589118,79.62467782033424,maize
79.19755338868494,58.00061644357911,28.749877361279097,24.949818861265427,72.2024479437841,7.0597019777867,61.980941267417855,maize
79.22027789031316,43.147905352545244,27.261350475875822,27.866625932671464,57.84991085803026,6.497776306902712,90.90778671590596,maize
88.09859882176416,56.78946050460742,20.29312542257551,21.26461308243992,65.35423286769424,5.675732998289667,77.53134656045904,maize
61.328124351654665,42.35735491465062,31.907698286047882,19.327157540430605,66.35081696523116,6.878929938274531,100.02933495545415,maize
68.0060097697924,45.024477467772094,23.137035210032007,24.364302495436366,69.12951452973802,5.563172289651284,106.81061231218449,maize
62.0788513460589,56.238890059032116,41.27181558352749,26.709691237460856,69.28173864264855,7.103456166139583,76.97250962714031,maize
92.5930045498605,42.40344539154025,46.84449968181583,23.475923761537363,71.34595539924987,6.4046365690366,92.17888475982625,maize
81.05610643744453,61.947685652659956,22.448899460917687,18.603520839905638,59.94206468020293,5.819089360226377,103.58917832961009,maize
68.76855949432178,69.27595767457393,30.106873753133208,19.82117915688699,70.79397014284959,6.817415551001752,84.90978582265694,maize
82.21454203750525,61.57605334816792,26.853642239938964,27.96333916056742,74.49586324293566,6.800651372693874,69.97712254645725,maize
87.20912969725165,42.165952269375275,20.919575066174183,20.576828885112135,64.25245913478632,7.236545010816761,96.3584534883154,maize
89.70826084799924,52.764800033442256,30.378049776408886,21.710387629846025,74.75299127472115,5.580218382824965,103.35157480612243,maize
83.14701634289574,53.158462575687714,41.757729812454095,22.866689414247027,72.46846476163321,7.3014037280225175,81.08604634367276,maize
71.07311188940207,57.77050985780087,47.37090036850073,20.106621890056665,67.45933167126965,6.763120440185041,96.65565112076405,maize
65.2627074050904,61.47474894046266,47.270975619969235,19.79683108870242,59.75086649847755,7.442790188083279,69.04884763547449,maize
94.17540373478317,54.768335693441045,27.416932232095313,26.707499012725116,63.90610510005331,6.529634707859381,77.96166846998828,maize
83.71803405739709,44.90571617755069,31.73244609955282,27.694123223352875,60.16266865402255,6.813473329082584,76.25950321123474,maize
90.93892502746402,43.92620982155049,49.094631352356345,22.53789541383639,59.72100926692928,5.646993494660025,68.48789525437704,maize
80.79095794224071,50.11009529293859,44.866500976478285,22.308875236618057,59.9742854517526,6.73428997320806,95.33886084427229,maize
25.011257237028495,56.7047686515327,71.46685707734171,22.364020150656405,19.31043622097444,6.211946313624721,86.10426122422993,chickpea
44.170104588501594,73.41417457587008,104.73085122053035,17.058412100367683,14.895356955181823,5.9046244172754845,66.42717140223287,chickpea
35.935085840030965,87.46422769179846,71.57374162674039,16.221099140100268,17.617592226267483,6.900812526291857,72.90390262441876,chickpea
35.217044260651775,51.662914362015684,75.93372803848355,24.86630122958847,21.720949571488365,5.507409971401614,88.79529463558097,chickpea
39.17359813446501,84.71673178080088,88.18959422535437,20.155960285792503,17.910772642055363,6.500296386319157,68.49128136890782,chickpea
20.899207696180337,62.31719766364763,98.18723050946588,17.018534521229483,19.38745946659934,6.954868069160906,67.34751789473546,chickpea
40.17806354675379,67.75000877218284,104.72569017510021,16.77149789447386,19.541007617809317,6.757172934472165,88.61535548685058,chickpea
40.49744084868938,69.8869905603371,94.71388960804856,23.68904984478718,18.564877973110637,5.5455805895452555,88.27371738767445,chickpea
40.68580253094683,77.06053543108986,78.62700609590868,21.58885470232657,17.150915245233268,6.476849465562238,67.66482575769977,chickpea
39.735359138091084,89.97654903082666,71.92848155442223,24.771741842213174,17.255263685782964,6.8061301755058885,84.55963710145684,chickpea
37.01048782960004,79.53796837005306,105.14062245205392,19.04140321651033,16.616265292505908,6.501390078345377,85.19614854853147,chickpea
42.868554043298474,81.91254595434538,87.42333259251731,23.178342161750216,14.961672442964868,6.316733646941274,65.14396651245303,chickpea
29.73757489700811,64.65846139485592,85.84690766437022,21.954672066898624,17.108464810162765,6.173040433933796,70.93860327185818,chickpea
31.197553748880203,59.090785090526055,72.92783695073774,21.03448593381378,19.34570238844013,6.429235519014422,76.58735109501431,chickpea
31.393573405376895,84.53334598287302,90.76327140544872,19.791818776297312,14.205136526451486,6.011871741439235,74.50489046964643,chickpea
31.964683426907015,73.2068947690933,91.34410186907513,21.079050927934446,20.119066092337025,6.71947860807414,82.95307690566236,chickpea
48.66571087864804,50.729303307054465,77.83111942734185,15.075628749781421,19.179797713236823,6.84704582342498,71.08705741440748,chickpea
47.8110363438892,52.41069561158243,107.37744107222056,18.516226872396345,14.811366627593731,6.228807638779489,71.4194141930127,chickpea
28.546187058857683,62.29159859705146,102.12103591330654,20.391612766752544,16.49046159324803,6.415500674966378,82.90376685557985,chickpea
28.17872002200601,66.54196406101406,74.87544373347791,16.811493495346802,19.44894283171986,5.77215752154344,78.1290845916765,chickpea
41.27138785167298,54.275076923789754,92.69248878515614,17.565627837013636,21.703415001900638,6.225318470079888,85.14981374437895,chickpea
36.50679626468785,51.736501314192765,95.32605502376089,24.514033422066568,18.81289456117065,6.7287832891401855,87.1051615837102,chickpea
26.842393158467974,58.48179359632907,94.43923955403967,19.110284698067048,20.71889042293376,6.850034685097016,73.83553448256795,chickpea
27.10611676923446,81.22102060975448,80.99224142192544,23.226143185136785,17.3899060291901,6.501324848937205,67.3883828458667,chickpea
38.715779740297194,68.07070714948917,93.46433852701897,16.680142077448636,19.894989959553456,6.794195616314843,70.4184950022694,chickpea
22.87143666560485,50.94554344185346,95.67886001773064,21.070940360887807,18.37357930171256,5.847920644173963,74.77264989763786,chickpea
37.83429005558519,69.87067435436677,109.51142080859549,16.36439752556733,19.56115643238075,6.106478152156438,75.70499037314036,chickpea
41.52793296974529,77.69744605297478,109.65023974808753,16.28394289454125,14.83287719507333,6.586508225693112,79.45967292516022,chickpea
28.224819996794174,53.176774759559464,73.42632998385722,23.941908746641182,15.534938597749942,5.985057343173281,70.6664100556747,chickpea
30.64988917495812,52.77695370984374,90.76239163633082,15.67612563592215,20.402852062578894,5.850568122865649,78.50029786511277,chickpea
46.40237262684374,76.03509476188776,91.31831146205342,18.243337531153756,16.664015304465583,6.504230432797286,89.85348403052919,chickpea
39.85517569548136,72.311336694801,99.22602040956984,19.65205612283718,14.481138740806282,6.343445223816865,88.9406321126345,chickpea
25.25908827072979,77.60019563282663,78.03734754636226,20.358276844730813,14.773411597173757,6.175556404387278,83.90408322238116,chickpea
30.42714572716946,76.59646897948872,101.81799843158916,24.27177819479453,15.877136654843628,6.0989738737139625,68.81040033326043,chickpea
49.77450506475125,87.08003871697181,91.59828521122239,23.420332943764212,18.167663818176337,6.4353785320041395,67.22811080290042,chickpea
42.65811261490424,55.10853934540939,103.04270521010113,22.82028087670386,19.669957581943812,5.554240570787143,72.57820889863322,chickpea
27.893377097325285,64.40545629886077,73.50570987055355,24.36957823031063,18.43041792569901,5.958286465987035,74.92453792685708,chickpea
33.41607621514507,74.02377333442469,90.62717710785991,24.193919732144174,17.97570786324664,6.988237022234969,86.2856239436274,chickpea
26.255315430720074,87.22380858575664,74.65465591541904,23.174497084911916,17.04498634781264,6.816961480667604,86.70141725268626,chickpea
44.177762003528635,81.60121745228246,82.18716556392164,15.809192830512522,17.22384143012129,5.760286772479763,82.37377722256154,chickpea
30.382991796133567,89.0244080343966,95.63888309381328,23.22480563634361,15.060197381934788,6.793021723408934,88.06892976283486,chickpea
34.611857564568076,74.2501175100391,100.59239203611982,16.748386272604126,18.02052861170754,6.09799454165847,68.65934980405623,chickpea
31.02603266874594,52.726892375419744,71.03247627797948,16.351662891548226,21.70492089271339,6.3242943038425254,89.1455540288305,chickpea
32.974936349903956,62.47264532341038,90.24567451360977,19.395116886329102,14.845317474093951,6.4612394720353095,70.40095456274,chickpea
38.58763864693489,76.00804369592613,76.08099412514592,15.613496271106682,20.24609268854752,6.18970063565398,66.4540948876369,chickpea
49.84598951509301,52.31122243985467,97.80140915434212,24.836789252634134,15.913440833727405,5.713374053030794,68.03462348556073,chickpea
29.098254427027868,54.041832440425864,97.68645366776528,15.622917981300628,18.075377025198318,6.995045280779465,85.34925673765048,chickpea
38.45658314693033,62.25014483146447,94.95583345166554,20.270414639116517,17.40866707112297,5.696065565110299,87.16510538101167,chickpea
33.493539464639674,57.7849004728306,84.71037403509159,19.14129752528927,20.620303164534995,6.600421570842103,84.23262234103349,chickpea
20.330937932859417,66.64615992719047,89.25376606541295,15.191922768230567,16.078505669960272,6.640434734683202,68.42774264322497,chickpea
36.059303943577746,58.6080748806895,70.48483098575574,17.412014575995414,21.80699003928043,6.702305667824485,88.98941610802584,chickpea
34.63562131779087,54.38944794710014,91.91837955894772,19.54377334559961,20.75485666191693,5.647123871176367,77.20602842554446,chickpea
24.50145994081953,62.9870370756024,99.49428309551199,19.760181293687666,17.007106281166156,6.091714417855053,76.48616921014967,chickpea
43.55049631511171,85.68338755760938,108.21338746015712,22.86903386255295,16.523255165984104,6.532202059129814,75.9400781013848,chickpea
27.640118661381536,83.6348631770369,71.537053958493,24.017619921354235,17.691819716997873,6.455802215212421,81.48384805514456,chickpea
46.85353222119609,75.46678728668829,94.55734339040248,15.6665204056069,18.14726417556163,5.725253501225563,83.43584421803715,chickpea
35.36665762438024,77.20911116833413,71.66691602409537,15.847920160458033,19.73058710450146,5.60812650399801,66.78141819413146,chickpea
20.363254257046624,88.2600559319792,99.50033437836028,18.53251408502064,16.372284650301243,6.024554844618774,84.36633827952954,chickpea
39.84111833211243,57.40782271469872,76.96437341336338,15.983956497133974,19.282421757610706,6.646558993332604,71.6261607081251,chickpea
20.628348830927383,53.28686669905709,108.71440139380121,17.954447774774202,20.153785182705068,6.436995353281396,74.5484909913224,chickpea
26.170617865866653,54.85545672637626,94.60051872155466,22.74633780637788,19.151234028329046,6.295453199873737,66.04878058579091,chickpea
49.05466332783151,81.94856766618298,81.71288146803859,24.799703293588507,18.815052717090577,6.373633987310869,83.7018294857383,chickpea
44.353093642704124,76.2591442932601,75.123829854648,18.382675059944983,21.4246691226084,5.836923417765778,74.30417559593783,chickpea
32.96230648832588,67.57619958777809,94.51758329978102,24.430758377447077,15.92554169466004,5.682252064451377,69.93676224649843,chickpea
46.60774700627809,75.83243250620825,81.4362715695664,23.159469389686173,20.89095997090749,6.769771508035417,87.97316334098886,chickpea
27.567230605200848,80.20167714985114,88.4215798909656,23.419985528900614,19.827925417292906,6.664671169749587,81.40404594202678,chickpea
25.322863084091207,71.80107675587753,109.38678958098032,24.37388066497119,14.345389886376093,5.7472222235941555,68.29321933636405,chickpea
41.779397299558866,82.71141319427781,78.54045465242687,20.05852692951829,20.7256242240896,6.599202317149376,78.5559301372962,chickpea
37.71043071376319,70.33442187665119,81.90193805275283,20.65021992859016,19.511082416400725,6.809984373791211,80.9072838494812,chickpea
42.83364611129474,56.40286539818292,88.4622989767916,15.093316198270934,15.973430916172983,6.589692572669508,89.79524878373408,chickpea
22.97534298761648,66.05977263445153,102.00283874796638,17.040356346288988,18.44067959441829,6.599606944044512,80.39963625650448,chickpea
25.640742038462484,64.21538274742957,101.35167137941589,20.542265141320165,14.041836908343303,6.641486140042141,65.88278387350597,chickpea
42.37201348193696,58.0992224066095,108.32293920477521,18.679407513020845,16.615452930704635,5.723332075498667,72.64010538725537,chickpea
46.29952285484602,89.85337350508989,84.73238122027394,19.486106309545427,19.776567505621898,6.829293670697612,79.8261083546696,chickpea
31.745770945334883,66.50487363394495,97.82472585987227,15.032182636042787,18.956714699678727,6.033239515662036,84.8549332819271,chickpea
22.789719194693966,73.52809067793562,89.23891559544495,21.423255259052276,14.518828755863748,6.369975681142197,79.03711469898809,chickpea
36.819802832485124,74.13950666385819,97.05871748905449,23.0498899968077,16.158565761025713,6.7375741152700925,77.45639205658634,chickpea
22.311748374029936,52.342037169759166,83.36953274784243,22.848969771114675,19.661447477927325,6.682922447008609,77.93172641104023,chickpea
33.205969938664715,55.89810106825136,83.12771014437246,19.340193661738752,14.708803437436938,5.830917929066817,79.95563235159347,chickpea
42.0698934271757,89.93390045571799,107.32453325374232,21.425651995351913,17.369984426352577,6.454266047062349,84.64129045200579,chickpea
23.55008572770162,66.39619558785154,103.59209142542468,18.83832951933044,18.57497816981749,6.381654041293297,69.61190632834098,chickpea
30.867063249568652,63.38045154967729,71.0478683412826,15.241917638913552,20.653576349406187,5.909606214959219,77.95196915597039,chickpea
28.961767207663193,87.62716980461363,80.37187035463094,19.29656812738935,20.981842003876814,6.762900350187713,69.65253544615693,chickpea
44.079299293871316,68.3274754695157,89.31875488341421,16.33479972415944,14.644812110056996,6.591908960460648,77.4115288088825,chickpea
33.10552107845538,79.18032914609587,100.6205159596444,16.589081676693535,18.88180119582113,5.703031123416528,83.78437715072614,chickpea
39.708654688014185,88.26458484333833,72.75832065425685,15.570547211512544,16.2574965975456,5.892558525603859,71.1744699768,chickpea
47.1876374156311,59.981847993980246,80.87798904514524,22.593982624179638,17.59791873960432,6.665065835432772,66.63415393910964,chickpea
34.62713581020153,51.34454400733131,72.50612813821418,24.06437453344411,15.113962968940761,6.298631023412826,75.27739006501767,chickpea
30.42029978776528,85.9933338274909,70.87293587101958,21.63789686175589,21.707155473708404,6.340252275192763,88.4205615508273,chickpea
21.56773637858071,66.75173276296645,80.40631163848205,22.308209649807296,21.850376723977973,5.884795093666372,81.35436503685186,chickpea
25.942928982792203,72.61321018286439,88.55729946753345,24.72005329631537,18.868218181571734,6.024259558130228,67.85239462219833,chickpea
24.537404862048035,59.0126771980494,80.03866645361192,23.50616057841138,18.4897823062602,6.28508636706155,67.86922179673044,chickpea
45.80419080048305,78.91257212833935,72.70673447600007,22.078350972297685,18.348305738741168,5.622588018620167,76.45751603821641,chickpea
34.54088861390141,56.63098160653103,107.82792588001129,23.49975371480662,19.352178698632866,6.1934433415009105,75.29413853961272,chickpea
39.529204014528624,71.81727477627622,72.49092423527543,20.125026487703316,20.451228937862716,6.188859816395437,66.29891443885671,chickpea
43.588345981520995,58.054551285438976,80.34483339552155,16.64706353432296,16.64172051897198,6.635127258532952,77.98464648759844,chickpea
26.146438224521376,85.11320312608163,105.18327419806117,23.70578425046007,15.910369691052313,6.176859016271482,89.62474140352188,chickpea
43.16037428929971,51.086696849022395,72.60818365041968,19.63931376812333,21.27376164689248,6.308052696929071,77.44531270085726,chickpea
23.164210998698916,76.27120418897177,102.88412642400903,18.804200075075624,20.20489480740262,6.946714980851217,70.09416147819223,chickpea
35.69988893584224,61.48551832338302,101.71417676135357,20.775933658811574,19.07665934040243,6.6968712394238405,74.89926181656138,chickpea
28.301801368140865,81.3211546898456,17.36932234253022,21.958991181688024,24.346090803506037,5.97514251560129,116.42948142496883,kidneybeans
28.122865095315326,71.07617949511236,29.75282209072833,16.407115280487584,19.61612534721992,5.776337258857039,117.34974275019675,kidneybeans
23.085851046499236,66.08417132889092,21.604851275525235,21.152980250698022,18.667712679915066,6.823624552611008,115.09008838603837,kidneybeans
20.104135471532764,98.68506461036682,21.266414689126496,24.841103190364976,23.343359990429015,6.452006909880912,99.14887238239463,kidneybeans
27.63855516609288,77.09958751682461,17.43350108673719,15.12607519975759,22.47804546910706,6.291099433184014,112.98384055922897,kidneybeans
27.805161060356042,63.17626338572118,25.972447355105437,16.87411944097582,24.86541642525731,6.728595270792484,108.51984387463861,kidneybeans
24.20485597246623,72.57400452734993,22.06751848399222,23.216368977104715,21.674121577385712,6.036697397988163,107.35531118125749,kidneybeans
26.56498504874437,73.40832189483491,17.60642389703616,22.120140203307805,24.607825701664655,5.6509562177853,100.99685281889862,kidneybeans
12.839439795219878,73.91765646328666,21.75526468358119,22.488263369633064,23.209180679053393,6.431392851217646,103.80937366524137,kidneybeans
26.8289510616952,78.85148669592658,29.686574070227316,21.341421382957368,19.01011793251602,6.514266343113151,103.12760038579248,kidneybeans
23.72654393372195,62.78564592649623,17.62322155763939,23.557372589057863,19.81743645618812,6.75556168786441,101.98190221136026,kidneybeans
22.857638201174154,87.76602294039324,22.689821297175794,18.053106766967314,19.70115501096877,5.5497840318436396,102.5986600310181,kidneybeans
23.063255810625662,97.53219273793931,28.068067233945783,22.660647765353026,24.30757874602639,6.497477355213993,101.50717143915007,kidneybeans
28.143900614116596,86.82929247623336,23.406609464706598,16.109894692134812,21.576444350451403,6.190537406802889,116.61409023806675,kidneybeans
20.93296440375577,75.21602195881638,29.65200492765989,16.107205933263156,21.380387426495556,5.563037012757108,113.49760301917325,kidneybeans
28.361531043983014,71.20149318201958,27.875125151986815,17.92218230461898,25.286161293151324,6.630942855395176,115.12266942103597,kidneybeans
10.360131112009089,98.51241428296103,25.90006488105485,18.047510953861334,24.635157318870775,5.922281797622395,116.8188459891532,kidneybeans
12.25160780823874,88.14743909843183,23.110477149673656,15.965344701954407,19.935150626070712,5.518606054415972,106.71919913661264,kidneybeans
16.025305215200007,83.93429937191036,19.458567115629258,17.99919111506985,23.945545589852827,5.57221425396753,117.57237487979968,kidneybeans
27.04527748782363,86.71218732905626,23.898323551610765,23.923024981396523,19.482641436229716,5.618453743286243,100.98775424773845,kidneybeans
25.891565574003806,61.38681066905933,23.742102526252346,24.9543751619131,24.845568750700316,6.282168533565384,96.59102273216605,kidneybeans
26.627470287714196,83.95914032708842,16.723994955893502,15.938572848233562,25.27701455549274,6.503800394407118,115.73216998291889,kidneybeans
27.579578005645345,82.87089408193289,22.761695276325618,19.304274103209902,20.535572702328956,6.151893941288067,114.34699139325392,kidneybeans
22.03846862030263,95.70093159819385,21.650700215687817,21.07089578718754,23.05046042473591,6.387545743459488,112.56584432713791,kidneybeans
14.748669367496126,80.49455110183163,16.563372042125216,18.845113276448124,21.901336548970114,6.478336389318208,118.76327631465509,kidneybeans
22.013021330967117,89.74375664706238,22.593990892428042,21.341040313763315,18.56745772907019,5.88158737126277,104.04632733012846,kidneybeans
19.44986710013027,61.825949820095346,17.100361463299766,17.76814307791306,25.772261527208407,5.997020510654576,107.05102645280206,kidneybeans
13.921954254767858,84.43120284303073,19.210248232739616,17.069925784384267,22.13258102756783,5.508258698740631,95.19160081623063,kidneybeans
14.381376182037155,61.46885450003285,16.62038631196037,18.388606493387517,24.420685436638504,6.358072965053951,107.81669314891042,kidneybeans
15.869776464162433,97.27014877731266,20.955225618557876,15.870927667957716,22.93653212894241,5.670757590214902,103.6305785700423,kidneybeans
20.148238774356177,94.96890098740704,22.40319870510178,22.022587660316642,25.942534711992565,5.697233679846972,101.86828813798799,kidneybeans
17.891521511952927,76.87312714155325,21.165316128983186,24.076110025565548,23.71226115573485,6.4118578211360555,102.73431794656955,kidneybeans
26.475807684425895,98.20242045939955,27.3179742382534,15.015651051914729,23.091210961467254,5.576703072163151,101.44018050834305,kidneybeans
11.190494006955433,84.15181811797551,25.2988487023891,16.144876380659053,21.070711064359834,6.184354763433313,104.22632554402291,kidneybeans
12.420500009703861,76.75791160749901,26.267670717126272,15.710076645332554,18.64144011265523,6.032156937753976,118.54314279047313,kidneybeans
23.371452934458283,87.1467982669026,20.428799862567974,20.936607912085385,18.08104947222195,6.454144069614314,117.83217368940592,kidneybeans
22.251469366896384,94.9479437386538,25.859595831991406,16.205584164036903,25.219626458286733,5.599665766533662,108.34918681369409,kidneybeans
12.842742475869153,60.468264429236164,21.330513901914586,17.950407076541563,21.888003950380824,6.365799830101826,96.09347680772369,kidneybeans
12.460065902474913,82.34569585801701,20.147510297589875,22.29173487549448,23.218333188735517,6.7684065444848605,112.31232066673063,kidneybeans
18.598621547802964,86.9186648957773,19.13071761383128,18.063134987782128,24.311881279366347,6.169629274602373,114.95950851295882,kidneybeans
26.44844747336557,94.30249350645136,28.74952853761811,19.309852205132962,20.55093454656911,6.373298119891171,104.27931058594069,kidneybeans
22.021483336004657,88.22343450575298,25.326075277382053,18.745528870201213,19.33488161359002,6.145794007693311,98.56485360204772,kidneybeans
27.801940703676166,73.83509842951429,17.316896208349856,15.254477599057509,23.166579090291876,6.455353476182115,103.51510416453229,kidneybeans
11.43423777695302,76.38515579580928,19.668262425950903,21.771206397350092,22.846233995621525,6.04689059229631,100.44731385637475,kidneybeans
29.760719323111836,78.1600648478446,25.324113536703557,16.405529675783608,21.884717597275184,5.541305079804198,107.63637794776125,kidneybeans
29.280348142354047,75.36826851943201,15.584940188623674,15.309557909193435,21.103894079574957,5.740037404694791,95.58380240820465,kidneybeans
25.124272279003534,78.34092035527563,19.338671579589818,24.000831830164806,18.929111681604205,6.933878243432979,102.84916793443382,kidneybeans
27.768073446173624,84.11771505917847,27.40061039612231,24.840131632104644,20.307243502549966,6.94170322811139,104.73704737256051,kidneybeans
17.710238094738447,73.61548417018022,23.121114110213778,16.54145043178487,22.42969188286409,6.312557218615006,114.04754531512175,kidneybeans
26.67299923875171,77.61765401249696,19.534998740272407,17.593348973170944,19.556990693638976,5.586471373298537,103.56119947086783,kidneybeans
15.404953842615665,98.65669543465629,23.36563239375066,18.472770390305076,22.64374080794957,5.7087950520185435,106.10109373005507,kidneybeans
22.524686428421276,79.55591327169806,21.026682009814863,24.938483888996984,25.042518097191415,6.4351089372391606,109.23443402955706,kidneybeans
22.413209596491683,68.05248431289733,20.92706614896478,15.394595328908993,21.804368299894612,6.314536875936495,100.69374340258024,kidneybeans
29.280576943310276,96.37818443748968,25.832148531838588,20.333866287653628,24.95975327718148,5.695978515735194,114.76274485687213,kidneybeans
12.496416279336966,91.76842650197622,19.136513523770354,23.770905810181887,25.55233675060318,5.723193954107673,106.56689012663483,kidneybeans
29.619747563253704,79.33629743892587,27.953212837718176,20.887315221313198,21.002639263356816,5.928675333288806,100.08057727715219,kidneybeans
25.235963827553945,75.46162027292111,22.66913193301127,19.92325480001182,22.61823223386505,6.798365718436829,119.51848358958574,kidneybeans
18.15168417147634,93.10075688425212,26.467916919820766,20.73528951455573,25.648377148895463,5.800711773292604,97.73160525774054,kidneybeans
27.079239339108444,77.56599266534994,27.704532813105907,23.93090205195415,18.49966074895257,6.825197144479091,106.20797638423555,kidneybeans
20.208649780084645,85.06370044372841,28.895739100951303,15.191160944297641,21.814747746542537,6.531583063645841,113.06767394245571,kidneybeans
23.85064863074216,65.37740517632487,19.49093382557522,18.587155254170135,24.435497661436038,5.918139808621829,100.26762409668008,kidneybeans
29.148960380761924,60.354531404538754,29.967312835229674,21.768212988573957,24.627754395592937,5.94192909451929,95.3578819416765,kidneybeans
24.7573903712306,93.36578388002704,26.10714197930279,16.428502873008387,24.02742337805575,6.653384173161461,111.46351289175138,kidneybeans
25.322318655911722,93.83685758710928,24.204061713561877,15.88604713969679,21.901022477337687,5.616474002007408,105.18857577581078,kidneybeans
18.142129782512555,62.640393765609666,20.23230800954219,16.109980987913147,24.465881680073778,6.921532038946706,96.80791188144846,kidneybeans
29.10230414583403,80.90306397346981,19.49348516930811,15.768620752761635,22.00499414456334,6.691773316736123,112.67716193166746,kidneybeans
11.004520229279475,62.91607341471614,21.043099239489557,17.95290494047943,19.859074584448383,5.92150674836307,115.08706858242212,kidneybeans
28.58456107263708,76.20410778110266,28.591665031987453,18.21495701247882,21.811495890750333,5.839043496724,111.0119010543961,kidneybeans
29.57962230349618,84.13972384173515,20.367211261703233,21.478174459905283,18.9833654277231,6.832988620398098,107.5770987694959,kidneybeans
18.98699484079284,83.43459153814077,24.371757941841036,15.71775806226513,23.46093776978722,5.862897520473294,112.84881581266475,kidneybeans
26.450695887683935,92.15834030210081,23.28751451111834,20.20169892310751,19.143007690715294,6.663019225604703,101.78523451116786,kidneybeans
19.93390845635893,71.37096371710066,17.0074254449954,21.295576968917366,18.43465627858323,6.6229678511892995,102.93966988152792,kidneybeans
10.002693860089707,80.44516556948919,15.702778627914046,17.761695578208993,23.65581189964573,5.594034432432799,115.98346230890006,kidneybeans
10.076398453171663,69.87295476807608,26.11356084228107,18.162701497293067,18.815139104528107,6.040350878200642,101.75983215961314,kidneybeans
26.854238043211097,72.53391670340572,26.833987076640106,23.91872144810735,21.470539356612235,6.8649147157815875,104.43295134907981,kidneybeans
29.281568329802163,63.57158098102292,25.305288997548644,19.93814040456929,21.101190443645176,6.449067818122901,112.59642729085829,kidneybeans
10.08726539300618,66.67812354988794,25.695690759514783,21.663854135782064,25.728380041029418,6.641556685376175,118.76931769328345,kidneybeans
24.05081003069614,71.92208834557772,16.58047383376285,22.818238633449354,23.153193771807327,5.572279018589945,104.00126164752446,kidneybeans
29.135996309685723,80.01604582840805,21.49093704029557,19.57699605159294,19.67106179204131,6.053060756297192,104.24533139967942,kidneybeans
11.047100403749448,90.70270514071673,21.247566478558184,23.221798868164235,24.802784008959165,5.817991082047987,111.43383705425322,kidneybeans
19.445636083259636,95.20626951685941,18.236110187646812,21.778132003100442,22.86201697802178,5.9429522163577495,98.41502259127931,kidneybeans
23.032795209545533,89.54389832529323,19.73441015645025,21.448326040223137,21.161047260892026,6.569810324923926,99.98038187235133,kidneybeans
27.804300052723487,71.49638385862319,20.516789816342293,15.580919520803498,18.89209769857021,6.273792854068493,101.68981691819928,kidneybeans
26.70960451484389,60.587735546198154,20.686410730079043,18.373455467690928,18.154621047340807,5.686552598500765,105.34106687296588,kidneybeans
19.857291688948933,76.17158989019477,22.964065176181407,20.951316749056815,18.079390569022685,6.196142739180256,119.0874810221897,kidneybeans
20.380645602590974,87.10169069835813,19.677957868753246,22.739913781527626,24.18337185500892,6.281944071481209,119.40034558198033,kidneybeans
12.511004295253068,60.67790659558324,26.55237317635644,23.071555373648827,18.96165783296461,5.898374249437909,95.43880908416573,kidneybeans
15.866172215611293,90.92567495674686,22.769407915688685,18.48095593168288,20.973914359250642,5.502030438573202,102.4950131891309,kidneybeans
22.929174832758612,98.96777775265429,27.705912404758493,15.23594964645529,25.188484837398715,6.674797619947939,114.50940308927451,kidneybeans
19.15991518007143,75.92021171818011,19.54373593249789,15.656948589543658,19.82588290794959,5.869905452467037,107.10192674275504,kidneybeans
24.948888131933877,78.95239313591787,15.86766674170741,24.57789800988204,25.541794552752897,6.677784314722612,119.78319753910552,kidneybeans
20.889646656005258,98.51073401012825,16.134075609251262,18.656807482613715,19.803050144054126,5.793749626201405,98.52007372231691,kidneybeans
22.448272831319933,91.2528742298922,23.67447599130541,16.469627095882096,24.488990159467768,6.453932060745593,104.70414265317488,kidneybeans
23.48260591072126,70.39619916971331,20.177883127413157,24.174858431319905,20.324036045371365,6.2049824022369044,117.25352843490037,kidneybeans
24.15442700535055,62.488129046588114,17.209545664184557,15.078415907719169,23.047374321833306,6.171510138115627,98.35687127255689,kidneybeans
29.15868242113541,81.18638895782479,18.628399411693337,20.006035711547074,23.436962661880862,5.614358826960347,101.8675953761973,kidneybeans
26.139309817679873,78.38659481610645,23.198657130484424,19.328160022094693,18.35119954114404,5.7486246697302334,106.13854096854728,kidneybeans
14.183709308158557,61.99916114638715,27.654744960777357,24.81192529164116,24.345142991973916,6.780677382557,101.04942825792614,kidneybeans
29.212539510263994,67.87702817813714,29.271447155427484,24.94819293965951,23.693782445968388,6.971715597687733,109.2384944891776,kidneybeans
15.190835663521806,77.47983542662483,23.903414030681787,15.73081562027015,22.97874611693797,6.971766755143442,99.7526912445932,kidneybeans
25.851902325767668,86.31595175118477,29.155523892303314,27.601356044054473,45.42919277442944,6.954615815983008,170.29240828537755,pigeonpeas
13.233428724739237,69.0760042587188,25.774967630580058,20.473403158190834,47.81230367097775,6.333200958093238,146.50798975234264,pigeonpeas
21.301706249055126,80.8650764391443,22.483434968039127,18.121031167761075,35.18076938158585,5.714058687940025,177.04776273727128,pigeonpeas
14.573535592072176,75.37454755486749,18.33113806039981,21.216699896595486,51.96084179202968,6.457722884539894,143.81597109252843,pigeonpeas
18.57404041972867,51.16679054581058,22.213352199045133,24.624340117010682,37.37005247196303,5.577769877818332,155.91346502008628,pigeonpeas
28.390620493120995,89.73020061691855,15.673669484934237,25.610079234953922,42.434481328046864,5.7849163724589605,170.1705989338809,pigeonpeas
28.368528642908174,88.03714378010193,23.65683879057481,21.571211593005028,50.750981717175584,5.5020027665246,162.56296115334072,pigeonpeas
17.17156923049746,76.26524294831505,18.605983693402603,19.91592945734826,53.36478173350874,5.203607365899074,160.23831630939728,pigeonpeas
14.417055659260178,51.5571985330267,15.540282274371396,19.752217721058273,52.33540709012,5.564957487954054,178.01836682301183,pigeonpeas
21.63244585978387,67.46456759075065,23.701332520041817,23.16698385226268,50.1755250751465,5.564992131945704,154.1220156640121,pigeonpeas
27.881886050665013,87.85826052601621,28.388373412297117,22.194479939573135,50.607310060137635,5.952671466602197,159.9015940858441,pigeonpeas
14.093602181145679,73.64521213034067,17.79203846630022,21.315646990671937,52.10060403239871,5.414151618421711,142.8463314069373,pigeonpeas
11.380151852256326,87.63138082012432,22.60380656942752,22.09412071817018,51.21757162015837,6.6716518558210325,153.2876413246242,pigeonpeas
23.872361149475907,80.84491263407546,24.819760302989316,19.515950748000993,52.51766167034114,6.078189105472017,151.29889705480014,pigeonpeas
18.504563708753878,51.502843615956294,16.918002018336264,25.655467505158608,35.00023269510732,5.833131656964584,160.90040724342353,pigeonpeas
11.092688400019446,88.92312651889331,18.39187996874508,21.041987196362808,41.07885024510055,5.4608333242347,140.05895288345246,pigeonpeas
24.58689588175993,88.67381999197141,18.364402249275678,24.630471918034225,49.837926539174305,6.69685075818105,156.90516788054435,pigeonpeas
16.058618112808585,63.011805360921244,25.689319996477693,26.167794665056363,38.632279355132056,5.741882016315531,176.07760786996602,pigeonpeas
26.133870393894785,89.39433611049904,26.313723895231213,21.931952010279222,46.81275667989276,6.322028508494641,143.13823265268496,pigeonpeas
20.889939182077303,78.37283313890438,17.509819560015906,25.80631717425557,46.675455610282235,6.9044435713951895,141.69689192827568,pigeonpeas
15.30652275110934,74.06215517199297,19.44839868308896,25.144241640712423,50.18010565043862,5.205031928132949,160.55417856827071,pigeonpeas
20.177811111821118,64.77123080862164,28.99387293854508,26.275063198732212,48.94418763819274,6.4286532714699955,158.46864575252476,pigeonpeas
28.419890421931516,77.78381709013141,25.93471592483725,26.61690903787345,40.48143178684382,6.6141418077334055,147.80962411825968,pigeonpeas
16.906839044897758,63.42441817079371,29.677882025837107,26.565372237479266,49.02339723180519,6.45411352323078,162.48291177610284,pigeonpeas
28.94181334217038,69.85035011529446,20.70776564804842,19.63035336931591,50.72411304522116,6.468887864151183,155.3742015409654,pigeonpeas
10.503868279184587,83.55989310872043,15.171269751811105,25.03699779629051,54.40514219452114,5.875322656296407,149.39893619983812,pigeonpeas
24.097420200867635,82.6851256806234,23.19645474116771,27.670352752561463,36.033374433159224,6.0095911966090565,168.738157892902,pigeonpeas
27.252809422983578,57.1702244763116,27.00005222645522,23.527070757185452,42.931073639799266,5.263430057158187,174.6118303563565,pigeonpeas
13.145464163594307,62.39151436836397,19.350682979436552,26.714140341908543,48.45405988417796,6.593362794382744,150.01871595169996,pigeonpeas
22.497481992139978,72.86983932574995,27.492455651824066,27.060870604812607,35.243135429547735,6.348039838117585,142.07343196478917,pigeonpeas
20.97717330154712,61.50530916174713,19.601648992832118,21.529585034523567,47.4258489809922,5.668099931337538,169.30796202361122,pigeonpeas
18.09054771147739,52.734128012398344,26.756397637261607,20.85758324592706,43.65533759198525,6.370887766443803,153.2982462859485,pigeonpeas
11.131713122934313,64.95684188051254,29.166728740414552,24.41734397298558,48.42958297334414,6.26456430727528,147.95968555837746,pigeonpeas
18.3666772820456,80.03759193453273,16.520593463297388,20.778527760897123,40.526382169317074,5.864037855189012,179.21474963768742,pigeonpeas
11.350050933676439,70.7480397752238,17.690470230183156,27.706765454097443,37.266070094549285,5.807202004723182,169.51539939338426,pigeonpeas
24.091088560548904,66.9091454757573,20.197862519290773,21.976123785528706,40.28552526317279,5.410665877413599,159.3215879023556,pigeonpeas
15.370675121352146,61.49846659589001,24.851340952118356,27.68537331699892,47.0727440111875,5.153958934129933,143.0233445541627,pigeonpeas
29.02846441691132,61.891631612293345,16.38100479123713,23.990445871503816,47.47297556580532,6.297009640237376,150.69608111430165,pigeonpeas
10.302213684289502,88.60061477817888,18.763395685366536,24.760262880525474,49.13259739757419,6.220014834158971,152.51629576854592,pigeonpeas
15.421925075281315,73.90673130810812,27.991434504175373,27.467337289233956,37.118116088075155,5.30965722519544,177.78945035132318,pigeonpeas
24.730704566695852,85.31975299319092,18.039489512030148,23.87585871109402,49.022791888349474,6.3602237708939455,156.32606763466794,pigeonpeas
10.30789783382617,73.31704227217053,18.796523087694133,22.502542461428902,54.151620301676346,5.798070635284869,173.59206426657707,pigeonpeas
13.770812114985024,76.89841992100115,29.65510431658415,19.018931008729368,35.16639884454384,5.867165585265228,143.70501932205468,pigeonpeas
24.967686993524627,86.58194655394236,21.51031459063138,20.58711642155441,43.6880663801322,6.4468956357000025,140.36216646321483,pigeonpeas
21.789079789693943,74.53166739549516,24.565323703439034,20.42022079980877,49.281054467562534,5.182782972663553,147.97081345867204,pigeonpeas
27.54940093308964,79.54892602906266,15.206183310170179,20.483762603698004,39.28812965986329,5.541612656073945,149.90239081119546,pigeonpeas
11.250525914856915,68.35762066387281,25.991002121792476,24.067317247174365,48.4574333719616,5.162298357072478,178.0596284070715,pigeonpeas
26.769836676860496,82.20361273982651,27.34475707562651,27.327105081327613,45.88507932227395,5.400564035735252,164.67134431410165,pigeonpeas
24.857629873358782,79.51669573416102,22.8217353625032,18.68458719333578,42.42225876860256,6.841533216926715,163.37795639029704,pigeonpeas
20.766638865114267,60.75414057528774,20.526733798748683,26.95346089153169,48.329260950536714,6.574774053504665,158.1738169227062,pigeonpeas
22.60494438912316,59.9353443497283,25.581912454252294,22.276013337033373,43.85091029629491,6.298644649153763,177.45122485875706,pigeonpeas
11.280126932172418,82.9897294938803,19.385746656182896,22.439194545063778,35.43826657550018,5.602092155668626,160.1052497052052,pigeonpeas
11.12352154694878,69.6438291753266,28.90665943287641,19.053932181078054,50.28881456151009,5.819342106751986,166.20694858097352,pigeonpeas
15.204731959704587,56.37969050165433,17.406939214068395,18.704919456431448,38.71293409802486,6.328438769977937,175.2676244737403,pigeonpeas
26.282513711823235,77.40537239497937,16.65647795116654,20.8918744629595,41.19613750644938,5.4999138927952425,160.60022638838893,pigeonpeas
20.71107629759345,64.27543900684441,20.30683738104654,26.285555979060813,50.78585696639371,5.615591663361491,176.55153775493037,pigeonpeas
29.05630034005012,63.069701681201636,20.31637423189582,23.056341534219587,53.82241625067347,6.752638866284623,144.1027185033436,pigeonpeas
17.854614865428324,72.13484758999087,22.5469870882731,19.938630679368927,52.17633542336309,6.3538815659936745,173.51633499407214,pigeonpeas
27.175285586989443,79.93423414662959,21.58815901874576,24.105467550154245,38.20730812239486,6.347290834949815,147.17013022957124,pigeonpeas
23.878991810203136,59.18392643015875,16.7632695022533,19.652844901429575,35.03984270438141,6.437479235707061,169.29604196233515,pigeonpeas
20.29866699826519,56.45451204221535,16.253315062660345,18.19128966437287,38.314963539304415,6.781711069966294,149.66147366806726,pigeonpeas
17.085426544344315,54.21381937925333,18.335419571222555,23.19224570780205,47.15505366191305,5.490704628332422,142.3092863690047,pigeonpeas
17.82065738254797,59.36813483705336,18.29330884844703,27.598628027134552,47.326009718514484,6.113756886344191,156.63100414093287,pigeonpeas
18.578886668602884,71.63620015352323,25.44644710554161,25.021460961818295,38.43387815410899,6.000225504153254,156.47832380136407,pigeonpeas
27.410539325387685,75.25675684873505,22.98756099623973,19.153946421789172,47.11275778646823,5.234407811360467,153.4882630226301,pigeonpeas
12.856839296286637,77.68294588097476,18.093781707542288,21.91859373188026,52.91349555237557,5.408632766797941,160.31220255835117,pigeonpeas
18.38543322332044,50.72496164182919,26.891371703592192,18.690459063145997,44.48510041953907,6.1213565898779,165.1370582645835,pigeonpeas
23.772632586157513,60.1308953409086,15.14968164987674,25.23443662354912,45.71313198695157,6.672235406414497,172.85553451602777,pigeonpeas
26.866523355757664,69.4037863991816,20.004425937552984,25.9155820259137,44.0258822605851,5.366884392806869,174.19896078245898,pigeonpeas
27.651197535446947,68.6523902456068,16.135495909646814,21.878260899169312,51.070753189252066,6.803548057092457,148.13890969990382,pigeonpeas
11.33947224050543,85.09401812531354,20.84107408468313,23.417609642675632,54.361316241015174,5.1331294558284455,165.93272029808384,pigeonpeas
11.482108451497341,65.01875713866002,27.057218177901703,22.334722327556342,54.94364707805901,6.118118569893205,152.84648610543815,pigeonpeas
14.402226518095063,64.02082137144647,20.587999106393262,18.68713677723961,42.39148398853546,5.92847703947845,168.90951008955219,pigeonpeas
23.134589694432158,78.35062620916617,15.125455228152857,20.17667399580536,48.23368576799713,5.967978736359495,140.21253902673385,pigeonpeas
26.089892848636445,80.9123829316135,23.22628744490344,18.66463325776272,50.33030099065169,6.167427175462728,171.27839908631836,pigeonpeas
25.03493984791681,82.12008287831348,22.770120996069373,19.40324518193515,48.423149467593774,6.240947570103941,169.69012748796348,pigeonpeas
13.397620121014706,57.79900799601157,28.356142758289927,25.49977798452071,53.16456977400646,6.517430642327842,163.88621223961206,pigeonpeas
23.082654740557473,85.5651169576004,23.682101317679106,24.323913243283876,38.12953432007201,5.947842440232206,168.65588447832397,pigeonpeas
15.418853966327308,58.0901672209814,19.707402123366233,20.415006279928335,39.29825274072792,5.849701685736174,176.31354055534138,pigeonpeas
20.141192934774367,57.51681523261292,16.154575040713112,24.961561451379254,42.65597528872776,6.6436618931707185,166.3804307456308,pigeonpeas
25.92482901082737,60.87784157673795,25.38538383691587,20.640619846937188,53.781369589005834,6.272748563066749,152.98047200701367,pigeonpeas
15.390237245845453,57.63706340286574,25.419614383405914,20.18715612997927,46.90606531854978,5.5292700538507145,166.47875779175473,pigeonpeas
26.298794570810784,81.12100972578612,26.412769963961725,19.877224056922522,36.767698939690376,6.397897656974771,154.73388855177404,pigeonpeas
18.646924528066947,51.24596371173564,18.89364673912574,18.33676403874464,52.583715452024954,5.486793366437061,162.29348678292033,pigeonpeas
10.779586413222608,76.67389565222632,19.84541018631141,26.97919186957666,52.762363778680715,5.650581236723496,176.0384358276187,pigeonpeas
29.923153469975578,83.01662656495793,27.673070216328433,20.4900873610909,46.534047977155126,5.134511827934736,143.7967174728668,pigeonpeas
29.97785224066581,63.06556997703644,26.222758680732696,26.066650530268163,52.16046542014458,6.995256594804313,149.65985941027472,pigeonpeas
10.807016537193995,66.44766071978344,16.951210047434206,18.22425889162055,42.20853654282972,6.567476502150473,162.64722764900284,pigeonpeas
16.25555978420708,76.17368021970879,18.48027270463216,18.14381446072085,50.287067728728545,6.247486169728019,170.4921049800384,pigeonpeas
10.778760333753311,83.48478511322608,24.292893000544552,23.6339535071264,47.492280962290636,6.728866493736728,163.4774602623563,pigeonpeas
21.619007597763584,89.62716628263064,26.35095250602852,22.422938054511352,49.14794000065855,5.7784609433835765,149.15501849933997,pigeonpeas
21.937037537755188,87.12728392455806,28.93709280023194,21.4190527810549,45.5535493244339,5.423271797139723,179.82524437995534,pigeonpeas
29.622358157358715,75.98035718829789,27.0662108951621,25.151001612837,46.863164380789364,5.106695993977795,158.19057370210643,pigeonpeas
23.49572604334821,77.10126455534738,20.596839276335754,27.416919866580308,38.34714064473562,6.000718892431121,167.6353590620329,pigeonpeas
23.942716117836184,75.94555827075263,19.1293232017779,19.56206568686622,47.71880653653422,6.198604232278876,147.17424041156963,pigeonpeas
24.102782911411268,68.20687966934625,25.016408874047293,26.373670797701507,38.394568571538464,5.038289735993674,171.16410345583148,pigeonpeas
22.19394850305232,77.98558278488487,27.57232462482964,26.028109348245003,54.21840293857649,6.071870157704236,159.5398253063962,pigeonpeas
18.0377439978146,56.14764171376818,23.589108493230334,20.770125243259788,53.42615024425951,6.166381608554195,163.7136072203244,pigeonpeas
17.098493217540202,52.0795740791083,15.47615648059483,22.233351441531976,36.691307561944754,6.213693911080278,175.2389202255863,pigeonpeas
27.658296330374444,76.36181640528929,18.168477472093965,26.62996831358872,52.72186870626416,5.393307169905917,169.4970434308271,pigeonpeas
15.73039097854246,54.07920937058789,34.94475799807205,24.330286058623322,53.46048798686398,5.367891600795974,59.467652383296425,mothbeans
19.300190350528553,55.42163791714121,16.247881371965544,27.688069550861254,41.00524806626815,6.426029400437212,56.339478145436736,mothbeans
27.05094842491941,58.13895694301682,16.702069722395706,28.241573517646668,41.06552333566003,4.132379304650086,44.58731554075345,mothbeans
19.382144220951574,38.05686502360928,17.019562136355223,25.842401980035184,42.20913345328137,6.419230393736894,55.185850138369474,mothbeans
29.35522930539124,43.19221459523726,20.567369633253133,32.78122516930105,44.8938087706172,4.3981501211160445,44.65011984415662,mothbeans
12.593579564484706,37.69389183050298,22.106394969477755,31.413936289603036,40.938472633291774,4.131520818996028,56.18047280583353,mothbeans
12.938438471675415,40.27935439567565,32.2931784371628,25.70417842257787,41.241052534272846,4.9536139852400325,46.04839022557073,mothbeans
21.26816728967708,54.11414671450426,17.742969763054862,30.387689930097135,47.58263140584796,3.9322363580395985,52.47996971057965,mothbeans
15.472808357215433,44.635029556320376,16.64544648554124,29.055424629349854,44.596952020642306,5.967143633556063,41.13957453994737,mothbeans
18.3721454983666,43.752942723943136,29.500121525982372,30.317163325992322,50.00818505791271,5.831147856955268,57.24405947316377,mothbeans
16.277509934449412,46.14068116091709,31.802161568783998,34.88396244061562,53.34278966565645,4.61440178787313,43.90333034437301,mothbeans
19.787850748131774,52.249243555081264,24.85138141506595,29.31498949645035,52.57345631622701,4.584211337201559,57.19589349623291,mothbeans
18.136096019034472,39.84699317035018,24.07979822399398,32.38691654542355,41.89003041795991,4.089257647616052,59.02889651326184,mothbeans
13.509832547627148,47.03181953793164,26.586289333238756,29.385869082552695,49.67117872865228,4.189480177392856,51.05324535553496,mothbeans
17.443465104937943,49.850017788875675,17.82447086746299,30.279651585234237,42.779055330749856,4.3359291893451095,44.374196006471664,mothbeans
13.656755597376343,54.77132854682001,20.714151353217808,34.198361600508946,54.54889788017786,5.213781409811292,42.86002245331453,mothbeans
17.490964867591625,53.93196790044642,22.34781457394141,24.957189401330677,48.35177366392282,6.035362554488104,55.91852774287005,mothbeans
13.502462802607065,50.182938432374,19.41008526871294,26.400282880073895,53.11107659957778,4.249006858220691,45.264946930360225,mothbeans
10.013067815225991,56.12007102376553,30.851896264182695,30.90061828599746,51.25398645908263,3.956145702273475,49.16647189175151,mothbeans
17.02438774697562,32.813295787710494,24.72260970429848,34.12813615376899,40.600886785760416,4.374382740481382,44.15081872411407,mothbeans
14.762933073313926,57.25303655638126,24.361381084685803,29.129293542338008,51.408634636829234,3.9634766120147775,49.74530708200102,mothbeans
18.599704282421193,47.90732071639968,34.99115406500877,32.46393783490252,45.967985545261406,5.982659156822141,43.414167266249606,mothbeans
10.609273726179202,36.133451173928194,21.808231122285193,29.61638833205516,49.226937108117994,6.231817151643265,50.19708019100915,mothbeans
20.025512892514588,31.507290294689465,15.698231053124477,30.062759581080094,46.57267919872517,6.017541184940896,43.213591694236904,mothbeans
10.499433242340992,43.47116303790378,19.74957113504515,24.545758106727213,50.868974302714435,3.8347789998717423,52.16639000015543,mothbeans
15.620995003337782,35.20488151065066,22.595030458386347,32.81590353845249,45.88140365356859,5.752308947633168,42.50972593598301,mothbeans
25.45542839330158,37.10799974719946,28.547862597777456,30.22359710325096,53.93717075817531,4.661967553925942,41.32330377668881,mothbeans
10.383109711025059,54.8057568291826,25.494712753228644,32.52768457018444,43.51638400017272,4.535251236539701,40.60207744422638,mothbeans
29.229846491482242,50.0360372010244,33.664101755186124,26.920460481719797,49.171954168384914,5.535499904877914,46.35099400515177,mothbeans
26.9621847003126,58.414843887007436,32.69710235392009,32.1297367353331,44.16197019587431,4.344848126316895,59.26720640892076,mothbeans
10.20568991871384,51.481499197264334,29.124923251105244,30.84958495044777,54.85163269130299,4.435638307291176,46.79943727586496,mothbeans
11.57878805893111,43.283944096312126,20.220970524696963,27.777253723954086,52.51857685383442,6.306453540582487,43.71466144010371,mothbeans
17.450178631069317,57.85891686346182,16.236169213784454,25.015965809225165,42.44186483809344,5.285638502380625,43.00944542011995,mothbeans
29.36152762901467,43.40143581775561,25.03035920700333,26.713244773859472,47.064403786521005,5.485740897911034,55.02354273908085,mothbeans
25.07736165419826,47.33673338082265,33.08719549987714,32.9914863203672,51.35572172047938,3.666816565041382,40.13755924439299,mothbeans
14.248945543909459,49.90570781740357,23.223949777650915,28.42646885229243,53.2688033234442,6.186688544395516,58.18350528107172,mothbeans
16.277561530300545,50.73167438217786,20.432663625487393,26.09670816381895,42.769486860210534,4.526322862590782,48.599152395596434,mothbeans
26.61898342110137,33.596732804181364,29.698516947897886,29.846004056082357,44.319180140139885,4.978458753598474,45.99884139554045,mothbeans
21.921639104766122,43.01531768565732,18.288110581577573,25.282413820112666,48.200435231081954,6.2072390998583105,46.87915373115371,mothbeans
24.660002144452463,49.759840648193006,33.63109828618962,33.03079119029055,48.499078883581944,5.471091494702322,57.9677293316807,mothbeans
17.990375691738695,39.803841175733325,15.216221672703927,33.09206181610611,52.01471050605048,3.8133635543004543,51.537147622654004,mothbeans
19.279633963337748,33.561272865273345,34.61136454121447,26.36165476209691,41.00851270135842,5.284542138505729,54.77733354266066,mothbeans
10.64886892094374,49.761529161810664,25.645837519029087,25.13591509762553,42.58785815419543,5.203922891948242,45.927152270265765,mothbeans
28.76631457302632,54.56220688452152,34.67134413027326,26.856379228454553,54.545854491969656,4.793701609374674,46.95037590627509,mothbeans
11.006990539387065,31.582957735788078,28.840225118933095,29.03721893877431,43.39782439054159,5.341910918975698,45.05716236500223,mothbeans
21.55263508688845,40.77626240948071,31.47104453223638,33.02765776843457,47.16025597183602,4.552457328005047,47.25119593118189,mothbeans
26.11429051336436,39.845384483928356,19.18118747413692,24.931571760628376,47.00039681326613,4.946396296759525,56.81817420805814,mothbeans
14.42477392892128,41.429738210051994,31.168114777873818,33.05985971823871,45.76916613968152,4.8773720698600425,46.06571781698566,mothbeans
28.65109756838624,33.55931297224741,33.6749884600294,31.522530970188775,47.97358229030097,3.5979771823534876,49.51192383644017,mothbeans
18.154962100054647,34.83656435925368,28.12819207001314,34.682659981051145,48.43283216596788,5.644259829331837,41.36900905132033,mothbeans
18.353339916339895,33.490754554934874,27.255916710730208,34.3233037403557,49.92666598707458,3.7304091449432644,47.093324099701654,mothbeans
21.01326758881703,42.09623268399757,31.672880209503447,32.96138105180988,49.177465301548324,4.620373835398116,45.10672747526488,mothbeans
12.117486364262586,40.646930504596625,23.263450344154393,31.43405217614481,49.8723973644636,3.7103244189237707,47.90518630862316,mothbeans
13.635577344347238,34.70438115950417,31.54604299474492,24.461067383878834,46.28774313853182,4.004610967299555,57.58660431356948,mothbeans
21.140810265500704,36.94141909130544,25.04854574332753,32.046349956734275,54.37177013379151,4.161338012736257,57.723635442586904,mothbeans
28.686082283349805,57.49261633596198,27.708287137238194,30.928027198781784,46.04815949775734,5.757193646911364,50.62588036701864,mothbeans
23.54876142456589,42.853737115463865,29.629929280862783,33.06918669365004,42.19654384904224,5.998789146722684,50.80593063580615,mothbeans
26.893318181804485,42.93905119023044,22.5808097076607,34.06566805768945,43.76753901322602,6.032636975858429,49.68041145018808,mothbeans
20.281908851025193,39.25404844468452,26.460844012380313,27.577323159038325,40.58904121362478,4.315995816033068,40.127580868131815,mothbeans
29.567095741137134,58.97241629459242,22.9031059494461,32.0120793977361,45.187091476156375,5.513279471257928,56.10860086091958,mothbeans
28.935124893844815,42.00636827549016,30.665959659120954,26.925212956953306,54.854984556904725,3.577308796293053,52.07057613002242,mothbeans
23.19011963302654,50.64136671222386,17.40775157578178,34.32382761820443,42.717749185751245,5.368260209719523,44.4535215824617,mothbeans
16.144328340425417,46.393756251843726,23.343868371291528,25.76248161074157,42.564046036312725,4.754434364488398,55.145659565510016,mothbeans
27.95929293695577,32.52382986778149,22.862078151188022,25.102701200951643,40.24888720948897,5.48515604793187,52.048988839331756,mothbeans
13.260382276297724,37.014384992791925,15.474155072890367,33.18441926263844,54.62035894072827,3.9063786103840723,44.62950427530596,mothbeans
27.36819047893868,57.79391393868555,23.39254765613621,24.556847194959815,40.59087750539229,5.221849598207031,47.85790217786358,mothbeans
10.57304855155309,47.497571769376705,15.22605073178045,32.661091539642,44.596492340550576,3.6207740090276963,51.767044419663065,mothbeans
17.953688288661095,59.21401240071448,25.883973250074042,27.02763099140709,50.64158296950962,4.314476007628134,58.0848658281513,mothbeans
17.49443941014753,46.49605688328616,16.011462076484577,28.68733361747454,52.485453094914924,5.916946416090026,44.486371177070524,mothbeans
14.521581420211254,54.519159366397105,33.60796840338651,25.04897013400304,46.75087959139338,4.512362836892687,57.41376910914879,mothbeans
11.670498293600374,36.33377827674112,30.049366751729885,24.56423233879337,47.38803071071434,4.82632110403916,46.68802357977497,mothbeans
17.891446306378477,45.898217607906986,18.22734716776766,30.29195466111952,52.081484939499795,5.7804827893704775,43.07799809387547,mothbeans
12.984989394829478,38.0452310323474,22.221494526820745,28.49301139549331,50.19545825250018,3.670041296497506,40.69345408452133,mothbeans
17.838211258878182,50.914910764139414,18.868706859129652,31.05654929381877,43.89742206910449,6.158258326440549,57.91379888533233,mothbeans
15.94574408562653,36.899812618897215,23.226079441324625,26.645847436981636,50.08575764937555,5.978194053644857,53.46184261822434,mothbeans
26.48700894498699,41.90976486622422,18.126339414177217,32.117460421373515,45.40711757712331,5.513812475687398,45.41287883963531,mothbeans
11.624592696133453,59.7774538646329,18.124030158611987,34.87263093359829,54.65919898849671,5.881454311724119,53.18845924163995,mothbeans
21.556141005021694,55.98304636133504,20.78879043238976,29.14449333733365,49.29084954049753,4.7335714276084735,48.54972908180536,mothbeans
16.60569335004169,46.926954500536084,32.01149056030232,26.21681215806944,54.01649558130162,5.567262961244689,56.4654642536006,mothbeans
21.123813852600232,53.385501042721906,15.324007946789344,33.002184672574884,40.6020828862805,6.169740129088588,59.83925494477286,mothbeans
15.881349243535556,36.30955668857381,30.307267277160815,26.783289750122787,52.98343574758305,3.80852777647243,42.51910392758717,mothbeans
29.583031102012313,50.21516694810014,31.937744488579057,27.567623150866698,50.147256242809064,5.282725481925792,52.06300240245894,mothbeans
23.650649190754432,47.26077519387296,23.58124738605332,27.035149638186017,51.52871996369803,4.178817290009558,53.84708612308828,mothbeans
14.666656452986533,48.75990509863362,29.941565342580578,26.40585277797193,40.89914951291962,3.892921228982522,52.119939345420505,mothbeans
26.98892812451471,31.349904637062732,29.683025180832924,27.754505105450573,47.177925548792835,6.286578649536697,46.63943009471691,mothbeans
19.30673867878972,30.410472442820435,16.631974400096766,26.844507502482625,40.417783612316114,5.3941259781447535,48.52796713603245,mothbeans
20.96290405456044,35.23941557688988,20.918640588732323,31.302069223379977,54.479540854456,3.6512503208066276,57.80768641710532,mothbeans
21.53762402622417,46.91758700266871,25.005570704155208,24.763334944946017,41.34815277604241,5.302736016977258,46.819171428711165,mothbeans
28.34536133155361,42.197716120784165,17.86562917405282,31.861907168522396,44.400301321615146,5.07641092206768,53.956655710103405,mothbeans
28.00528222404141,53.76573584405028,28.527221357454483,31.47596500634658,54.1888696604813,4.387472292489608,40.02224188392375,mothbeans
15.439091187963975,36.53674138880232,28.236691702279963,30.97082759742082,48.90192074057086,3.548730329628361,54.57556108901295,mothbeans
16.47060824970983,49.95167967019893,26.131568570043065,27.770040179706978,42.018644006561615,3.7832566929814426,56.63036666224447,mothbeans
28.36795084163116,49.493641402928986,17.06868229720967,28.42229938577065,50.93408800157736,5.839462652030204,42.36437244582177,mothbeans
10.000614376907649,51.36411137641815,22.13192351972411,26.799294647800863,40.19346204684288,5.120898220284499,57.02301470851964,mothbeans
29.15263292545176,46.972348518398675,25.289226554797885,24.935620240381652,48.233092023138994,4.639937236896184,52.14270561767154,mothbeans
17.774526957530934,37.208973703511006,16.89930550456753,27.464102890477854,41.44967251431628,4.030690852471952,59.746723171590915,mothbeans
18.882071138132375,45.9561529951505,32.4723705747443,34.95125790539757,48.74071674017022,5.937421463132515,46.538820486733506,mothbeans
16.11487914894582,42.081111629836805,28.450145253472982,31.504108581806086,44.72859151974176,3.8996297724098863,52.64792512931017,mothbeans
12.56651724377529,47.3547752468799,28.86844256112618,31.70672646033897,51.30208165989395,6.1185782646969935,49.99917983929577,mothbeans
24.604983790591426,48.5751820609751,18.732798795953652,24.28258609356349,44.268120785154004,4.829101119012858,52.342118888573125,mothbeans
26.999186610064108,35.88737150118497,17.510995797969542,34.634799474743275,81.6206683906461,6.717736605160784,56.711274575866035,mungbean
20.827488418148764,32.5809647109883,16.140538280072388,26.054834274610357,88.78381525808919,6.8165173314514815,49.67481584073489,mungbean
22.75548283691183,54.60202506166948,15.831579196931875,29.981299435480423,90.33965618154035,6.37846789060453,51.15541810586298,mungbean
22.272758059787677,56.9380588033121,31.198488406057987,30.831302190995835,90.95332576635874,6.547233705311698,57.81931056197516,mungbean
19.32363182255114,35.69808409372683,29.034765477545143,30.56464637348822,85.37932372930388,7.367008785117946,45.41868235653467,mungbean
16.31546302498992,31.706441933329398,30.330546324432543,32.02107454113793,84.97028328104476,7.01349435331061,52.918744523918996,mungbean
25.125075828448686,43.625509882101184,23.24559455663331,34.34729915488301,83.7631864983605,6.180671009994848,56.69086226518917,mungbean
29.386436245683576,41.335176411815596,16.24073527257563,28.393052673095674,87.58897481479337,6.24288450994832,58.162044361129844,mungbean
29.95498778020401,43.55218427944332,22.09457113460425,29.007041668344666,81.72719267592802,7.324910402139336,53.29651311042704,mungbean
17.745488228496825,49.790708187914234,23.84066841862247,31.48233468807846,80.92169435196182,7.220585015583341,63.810079057588055,mungbean
22.97530772318772,58.63697786576432,18.028646287399265,29.774161894803537,89.0271010091817,6.87260497113178,53.02923558178087,mungbean
16.761688187325227,33.80472067651257,22.834849011245563,26.626608151054853,91.01548514738327,6.313246403241885,46.171306105690675,mungbean
21.047322756344684,47.85689198158205,32.438261225610105,30.76981612417682,85.18221280585169,7.204517822289481,55.805577863748425,mungbean
11.585605692623835,46.9755168093974,33.16037090843325,28.963126254982207,84.444887028497,6.21520418552703,48.02891043870714,mungbean
18.655429686836378,47.87039472484589,16.612308103392035,34.395685890251656,91.32700426167794,6.879935877425494,61.56877341877981,mungbean
11.603735136242266,44.30516633199373,27.601862537233266,33.28652906118289,91.75204340073901,6.4156038745701,63.817603391184086,mungbean
12.486916828617407,56.25400855863457,34.418804992092376,26.771535232226256,90.83099096305678,6.060428278166998,53.1084565027831,mungbean
20.32566598395348,47.419356777289025,33.718744964971194,31.72250687294195,87.21916926828855,7.2145125543988335,64.01065641908818,mungbean
10.441322973645818,59.47563816768116,16.722642781273606,33.143867792687615,84.20502128827118,6.1982694866308075,53.7971127942767,mungbean
22.87913158895227,41.42855535070425,16.091308165653977,30.994611396587167,93.53604914166011,6.574823048920877,49.32665555261654,mungbean
18.851546918656307,31.450881331463425,31.409751689605496,33.26340810950187,88.82000695144443,6.529654333407584,60.99566728891567,mungbean
21.093740495767342,54.777969256500484,27.629175851660413,32.84405473212797,88.9784448982664,6.621211602323499,64.15891719852274,mungbean
20.822276497576894,48.152685556216156,19.409752788294984,31.256507894272765,88.57411474224416,6.2772575969205375,46.19174194706287,mungbean
22.087186394295422,52.91076808050961,25.468027418440165,27.267726253196457,89.99782965039552,6.1201585899144035,53.83667409603909,mungbean
13.267335167968405,35.5337715317965,19.045878983164073,28.86707057043978,80.76725308430596,6.5966901613936475,55.23414894229401,mungbean
19.665885699326502,41.48352301209122,31.78293216141505,26.453266924205042,87.58545115672061,6.093062125434831,46.4231135775582,mungbean
21.477316993541926,46.98055274663463,32.56067025688914,30.578736756600733,94.39686530607275,6.073042272599895,46.96015369561482,mungbean
10.881317231407628,35.5583055100062,25.82540221883356,31.45572181427428,80.68377736923003,7.418956334768399,61.84330753300762,mungbean
15.932249643141862,32.31562590679404,18.397741464381145,26.269444137549726,81.8492566894842,6.777842532998601,49.91694884986801,mungbean
17.16279433058289,59.685160001529674,28.686284978506897,34.48980667047002,82.13834832549674,6.5732092122488535,56.09463606564709,mungbean
11.53516123777476,30.125623308838737,28.40868667593835,31.418195168014353,86.16183214999418,6.734466114048049,53.308860011841794,mungbean
10.480100896897778,40.06114818652387,18.541645107945797,25.98424189101369,94.35080650834024,6.899039587563248,59.573125684732055,mungbean
16.30727486532235,41.79441388482046,19.73847987793447,25.96965670965425,82.68547456162376,7.196271067944728,58.55091610367552,mungbean
20.93857751970954,44.25269618600304,33.44868567312249,25.727349477786685,84.20901219856874,6.524906780356071,60.64851624425576,mungbean
29.850292403239425,37.220115442714594,32.48614668274161,33.30622760431791,83.3698609646265,6.598998870298834,53.19345738585038,mungbean
29.564413370531167,35.42675704136695,30.98315942209564,28.341927141731098,90.9630551866424,6.630016506443495,56.5671952623308,mungbean
26.652235466522622,54.12496694951652,32.32846367079401,25.59617325344659,90.38075829559617,6.209981065082644,53.31637136036822,mungbean
20.971768301093768,42.082184542404924,25.392233516060152,34.96526308798619,82.02825970569282,7.013184068004638,52.9200193277123,mungbean
12.660195978146575,34.762102901229284,33.98546212491234,33.79601496711762,93.60562940622533,7.4872991637410795,49.16630780017036,mungbean
17.108786747281236,50.076570897746,24.676050797212945,29.183895333783333,85.36716874003389,6.890670947915178,56.51186857280164,mungbean
13.229156681284802,44.15219512555317,26.069435524196997,30.702869387313903,83.15160789368528,7.11340708837843,45.503981896421394,mungbean
17.096637110863252,53.406379456069004,26.277858421108046,27.6116243251086,90.42429679014572,6.85108641623411,60.92487218912774,mungbean
24.700503723796466,48.30323766108704,24.76355350621628,26.331821256675234,83.91999526828076,6.628649209375628,56.985985740127774,mungbean
20.2741571043061,38.645535778785884,15.129287155794211,29.962392219008137,84.28438982843365,7.101912451065802,45.47892530540967,mungbean
21.696556226115817,58.244227125181965,18.48818534222999,29.716494907505954,81.37132987725707,6.938522868392029,56.01063361192451,mungbean
18.147310484256646,45.64131064421224,32.931493169380204,26.96294302311067,80.3384676755802,7.292497327048651,56.54234164775813,mungbean
27.81316910923685,47.90835670239518,31.20322179919405,29.29673363355148,91.24789896932403,7.369562200334784,56.442459274444126,mungbean
13.615703011247591,38.06392845090595,18.972891537948115,27.46857027595733,84.59623174026555,6.832700680129783,56.759832589276655,mungbean
18.52999494483722,48.46262339462506,16.631498512227317,25.8778823705816,82.57744190536488,6.777116247060517,49.27989357396627,mungbean
15.665688069851546,42.00938508518982,31.237322480207595,25.1386213591286,89.74068230354933,7.003314796561028,60.973115607132726,mungbean
28.655058781206264,30.604135468478695,18.075674110264323,33.86171294055993,86.87777843280523,6.846885958400195,58.26054407446295,mungbean
23.58133208991275,57.95221209949524,34.938988348233394,32.201574609309404,84.30831813807727,7.319628603441515,45.984418290815235,mungbean
14.621617057489924,56.921571523911446,20.123830288787097,27.206510596217484,82.07187939710371,7.288667636470375,55.00116518382173,mungbean
23.497864061083096,37.17199152225089,30.160808420224328,32.60005544962098,84.6889703736245,6.616023949515425,49.19380554860402,mungbean
29.531220466458088,49.368077311752344,33.69087761431031,28.033855436291333,91.72836369495334,7.148787965827113,58.83311303733083,mungbean
29.31277950533601,41.80666008318947,17.614346471795145,31.717088592440607,90.93964700715809,6.862590860188222,49.13635786266792,mungbean
20.089118833387108,39.36569209707388,23.549330563333783,31.45218575844664,91.17822114036252,6.348337036352015,53.106507212939064,mungbean
15.383231419832583,35.95894841585607,30.667744399916767,34.09252694436992,85.55348278526866,7.12691838656065,62.939905787288225,mungbean
26.92248421060463,35.48440165617678,34.12583763026723,28.766764404294626,85.08860991760754,6.09364699091667,54.72347308209766,mungbean
12.180272312818573,37.45619462782278,21.33885243534563,33.08826323491684,93.13232975593844,6.453699476192204,62.17396242489148,mungbean
27.14461874739582,52.93952851154621,17.93390228030363,31.90322846900729,94.17536096870853,7.023810718150735,51.63233698215668,mungbean
20.011586348616625,49.37175130053161,25.21140817457007,26.199529417309698,84.6809606697803,7.203594045830449,62.22836092191035,mungbean
12.746000654311405,58.57160257196173,21.576452356972187,31.6231373873072,91.27737718935022,7.217919351956825,63.91499404451861,mungbean
16.258390960576452,55.755193636546636,17.633738068724142,32.05040906353592,91.12966594270979,7.016584861801981,50.04629472270306,mungbean
27.460862940304068,35.06575390111185,16.072695830416617,32.17464990611912,87.13213572849101,7.273647029938014,52.66794282116518,mungbean
13.365571770154256,55.093265774096096,25.978192632801434,26.891957923903547,90.80575997879669,6.766670457734251,57.0862596448064,mungbean
19.21796676413164,54.86126951454019,31.591254313660997,32.09388821824386,81.58102066094693,7.2582807928561035,58.42025961065819,mungbean
23.94048332008599,40.88948521211615,32.585591123140134,32.253716002348575,81.68885699793792,6.611667051609244,62.72760723920283,mungbean
10.94393403394758,58.84249858926148,28.583251366391256,31.313759776433766,84.05838884731988,6.373187683108766,63.841164389771905,mungbean
15.965449084682454,53.26515890156998,22.862435964141582,26.39254070784704,80.16072946543038,6.816386005522876,64.51557637097865,mungbean
17.382723876184087,40.71577001979134,21.88183235698884,30.205438373048583,86.60997325136441,7.319871940090522,55.110415834469805,mungbean
20.155156763771377,34.1511478416167,34.654790818207715,27.499728908688297,81.10046101189404,6.9947193734628135,56.90732740313745,mungbean
18.302913079854914,42.66576701642034,30.701278420928624,26.95712640099649,92.30379978417335,6.973120670842527,53.379395475590485,mungbean
19.160572331677372,37.69941621558287,30.042286653939495,30.12874742305268,84.81281814124765,6.894075173641426,64.91468904102646,mungbean
18.705245593131075,57.62074202335859,21.900336798491324,25.54732706924986,83.06363159552643,6.628042714991526,49.39269857189138,mungbean
10.00454076436511,57.45004613242582,31.87758822461858,32.42292231486947,82.51721893469043,6.1805453643149795,46.352094989447664,mungbean
24.480583775458424,57.86423882063656,23.61071641826074,26.191406719960483,87.6858923109816,6.523247861187945,52.496498486999954,mungbean
22.426612483114145,51.561543397866075,17.212071977463218,25.355902308064763,94.91495454028572,6.3490925233733275,46.07661049816918,mungbean
13.7975065819184,31.168735390453925,22.836217892343434,33.02401784451324,85.1186667463658,6.6662751103175495,58.51173547134877,mungbean
20.177881401397606,55.84337058063973,32.32071350091513,25.099106954911537,91.67069459724799,6.691100400362511,64.77681082607326,mungbean
19.664641517508702,59.606878361648924,30.091387224114733,27.486048846133063,88.07592468930437,7.488203459217874,62.15061215503847,mungbean
11.947337875824422,51.19115990429988,21.91159171741626,25.06982261880348,86.052214535405,6.352131632587457,61.37738541040943,mungbean
16.74661217691531,54.82571081861451,15.011958776695906,28.07819150026119,83.61747821461643,6.3503510416029165,46.363732395309256,mungbean
13.742485408210035,46.666487096568595,20.82722145675489,29.173947823291478,85.65300320520782,7.313857387499842,63.10597998021031,mungbean
19.8591394331172,39.904678509468134,17.13601408004727,34.53402879382095,80.90340417350446,6.4464754163524205,50.96132402340008,mungbean
16.408025722804297,34.92860529817228,30.663228618473944,26.224978619659893,89.52359988729744,6.185769040058727,46.41071275185913,mungbean
28.18859007371753,35.70386298956117,31.425003091194085,30.44630871107136,81.16784779413155,7.433172287157101,49.93922333983785,mungbean
27.19290690705213,35.06430017353693,32.07885764283706,25.132288129052938,87.67670684854221,7.1541638691323355,63.695910349855666,mungbean
28.18404272412974,54.588746086429346,32.76382699322608,26.992196858370765,84.26276443567593,6.433452787381587,52.54107862003398,mungbean
17.866413407703774,46.33665973964027,18.19759526732883,31.912466637859893,82.51349808956759,6.465462723156821,55.06690261212308,mungbean
25.928811230469545,52.18407699716182,27.910687128210444,26.5577326058017,88.20568018423367,6.131169752699829,52.54726353593301,mungbean
18.27033060579918,31.194343183372617,20.479761989399435,34.5564946726649,94.30448911744534,6.528490581378809,45.86200217896648,mungbean
13.581898786563631,41.766533803006205,33.9555939593846,26.41199063537185,91.45273765502318,6.163023809062038,64.62515154782554,mungbean
17.6323299821827,53.25703616697168,21.851821656222636,31.276688771588088,82.88024127110054,6.219031528945444,63.761282791362625,mungbean
28.35294555808867,56.62406820638647,27.508669003331867,33.082682112162786,81.03555405367062,6.502183562836018,51.27406249514313,mungbean
22.712906439052265,40.67873320411921,17.970135632873617,30.964670754135437,92.21575881003622,6.57318524168996,47.64537430196963,mungbean
13.93376394625646,37.12449915508152,20.997951859890726,31.42795070506309,89.01418226806578,7.044119792350559,52.25003969063026,mungbean
26.479953037599564,36.12262983467281,24.380814950363078,33.00938721541431,82.7023797159893,6.164794670611174,62.673679353759795,mungbean
16.85859325518392,50.51610374727096,15.50697208527877,31.900468884094497,84.74151967320456,6.083611280381163,57.196255230962336,mungbean
14.816076321463465,41.6042172615564,16.61161624573027,26.471632510949455,84.46965853243766,6.134639250840236,63.216525293726306,mungbean
10.120940863679568,79.35440875457246,17.464949162651028,28.076790894779485,73.89089339727398,5.74254182991098,79.31664639436666,blackgram
14.115887539788435,89.66264433867318,25.933545297946235,33.84478727596759,68.30989883254696,6.301838828734463,63.909160007368,blackgram
13.324587241033175,96.65956604462056,21.55676397700068,28.72082254962896,71.39735487642582,6.008235223634211,79.04124893278005,blackgram
24.758555379976006,83.8971697029368,32.61790321089505,25.496059083494828,63.85594038283813,6.197554501331365,64.53957078943043,blackgram
24.87810374604304,96.768321242149,23.475402398618467,28.42132600111895,74.4232609820635,6.167278649241311,69.78096800898567,blackgram
17.03299744683811,96.38193892048554,26.379109665637017,32.621745871816444,72.1771007752633,6.012773562875887,68.67388662640761,blackgram
26.969435488125292,74.5302140670324,30.878702669037025,34.40992322574437,69.3481555960201,6.612440931177833,76.1019462408227,blackgram
26.900792977932852,75.80213351427184,16.025269183519963,29.018762712367394,70.10634344676134,6.17552557867119,74.97926301720797,blackgram
17.139648589373277,85.38976564416117,18.728396097079493,32.49369436644957,68.18543953219539,5.806096582819901,65.83822346995615,blackgram
24.972174171636645,79.30404942646084,19.320628807861446,34.672711903702975,70.72687529725332,6.935702248809694,68.54210090720686,blackgram
19.50200681383441,95.91820864740077,25.500986804907694,32.07278911905667,63.78259316243295,6.170089703053961,62.4689973162071,blackgram
14.119600717539234,60.037736610705245,15.785301032973205,34.77283823176929,63.635305427051435,6.494966064256003,76.78199397599224,blackgram
21.013209184731284,66.12578000335824,29.562328746723328,31.002514100995832,70.96875884021063,6.6546199342856305,79.5082073536949,blackgram
21.4712656005342,73.66564450762408,27.969291138004742,25.684407092426262,73.46095977482379,5.679071517007295,66.55685675771636,blackgram
26.31490761252242,83.89249513322846,22.872710405548844,29.734356593750213,72.8182108980327,6.010006579089838,77.39299369624342,blackgram
11.76268861953383,91.07193748834523,31.95095266109473,26.81817652837339,66.45519798558301,5.748249661995484,74.13208257988435,blackgram
20.706955361233135,85.41293386833284,18.92973933912422,27.117458620524197,60.6224598826486,5.983101302793594,71.1948932266735,blackgram
27.158698279946577,86.67709789834723,23.70792646799503,34.531201143941374,70.78867800863748,6.895247804293825,70.55175946544331,blackgram
15.178085495862792,62.11306745458888,29.52169702967701,26.213029980055342,64.54162692407951,6.298706361825846,71.28833175559495,blackgram
22.01166393974272,66.65021321398802,22.594748096432973,31.171942271169666,74.54728296950677,6.591446706549533,78.45207514187916,blackgram
25.24424116628354,83.66867875569602,18.840467382726892,31.66685651892513,69.35069348939861,6.4037037556859,69.79571735976481,blackgram
20.573132079785513,73.37770108472417,25.386253852846064,26.975559056784782,72.07761596040565,5.7786654320480615,61.69932579778933,blackgram
18.724920527143148,86.33229758024248,23.754336498670828,27.767541319513086,68.37256775835661,6.0205035031183,78.65735380253267,blackgram
28.45290279207144,80.09487279888381,21.55767988036517,32.37132413956639,60.550694152246,6.212153509065477,66.72646788540666,blackgram
28.410717702051095,60.4801210909073,26.05629751436698,32.40663581066626,67.27526981286061,5.628104545244082,79.44922780055805,blackgram
20.360208627521956,84.56744977276045,19.732195654150146,29.83498085106804,66.43724237937482,5.6123437630029755,62.12320707094934,blackgram
26.74945039237549,69.5927980882636,18.899165429972612,30.049114512501394,71.5312069704377,5.592919777868482,71.53615839276512,blackgram
12.384208856811467,61.45844203302474,16.05487904324435,33.341641082084415,61.76958725442093,5.567727046618438,68.75799774285825,blackgram
26.879869438840494,70.49633505957208,23.434252350518328,25.399225325637513,66.73617771202314,6.366419620955701,71.4181410750429,blackgram
16.648533843487304,72.62132722652542,17.132472378731958,28.667983206462683,61.49242003309447,6.649893917068077,79.32548595496371,blackgram
29.401489133334138,94.60284397501576,27.015842986792382,32.0086569724388,64.27808704020622,6.4461556302589305,69.11299098879755,blackgram
19.64034679553865,90.31106241500632,20.638367111945033,28.1803961169452,73.86962686692955,5.5843364422764585,69.71268596826681,blackgram
28.256016008157236,84.41452031272628,25.92814148424264,27.49744179229355,65.14913233596673,6.77807262370704,71.18436263536915,blackgram
20.294843875135598,63.98318854160116,15.320563129102462,34.63685188687049,65.65479250930262,6.404819593149257,61.5943014637457,blackgram
23.662285714460932,97.30266834823843,26.513305059948394,26.261153223754107,68.72582291210215,6.649520819656979,68.12833073148037,blackgram
27.596754958829358,85.94731813429458,32.98497836578405,31.235053112473373,61.969319580072366,5.964537566657784,64.03589896504914,blackgram
28.176529954337248,90.4160026914993,28.52796737820012,28.009663196316218,62.760671580753204,6.634676631983368,69.48315891758159,blackgram
14.515791043012582,84.664879126611,15.806677042769039,28.261702541282535,67.02835491886702,5.721937501164109,79.6930895518168,blackgram
14.181947291792286,65.21412520173062,19.07069747773793,32.69061133159724,66.38258488907765,6.348123909628807,60.420183139727214,blackgram
10.688626171466291,77.83302199308065,31.33310486403247,33.852388787075654,61.3005985139346,6.307544653151535,78.26459372558541,blackgram
17.759455087957726,93.18263325713474,17.673913087988723,34.35394489667799,71.27134976296954,6.912001589180353,73.53234467105013,blackgram
17.268078639988538,97.5272469009889,20.51133552618357,28.321725220617324,70.5121262700261,6.647974449288079,78.58806967698308,blackgram
14.09604818112419,91.91992140876896,29.77092106793927,25.63794556253598,65.80834711815311,5.924148185590148,66.0898084870806,blackgram
29.658937591094016,85.71109653919711,29.353523155869993,34.76617637315009,65.65802673686458,6.702760252679209,68.69061926608991,blackgram
27.390673436299593,67.22630165245212,33.95372354128559,27.187717084108797,64.89330760471397,6.634288351160171,67.87510283130814,blackgram
22.164227535328934,77.78294004277714,29.847398741795637,27.283312523686106,60.87686980855315,5.949894096209599,69.48617329736861,blackgram
13.360401043853571,74.19189158625555,22.99966036587137,25.573918436882735,68.74960872276307,6.826515141956931,63.034858259061046,blackgram
21.95616026803028,86.58956819643385,23.386693608385766,32.0109758736427,66.16097315236519,6.256955931966152,60.14706089108854,blackgram
23.834402282693777,86.45370715778898,15.768017546526892,28.68250107395133,74.68547761187502,6.131104843852925,70.03890810263684,blackgram
28.19860316319437,88.69047503463025,26.64140262248447,32.97804681341073,72.9654939968396,6.1853321076059,69.5021672986367,blackgram
17.721018713036717,98.66824560073843,28.943325085807007,25.832230662080722,72.94439434969527,6.220839911254402,61.37507812844975,blackgram
20.99434510326622,76.68657115902809,32.5549880972525,27.039946036093873,72.39696914238274,6.336533036778179,61.092206064269384,blackgram
29.436906026509693,80.50460976412799,20.81753708463165,29.69406841989258,72.86786675276234,5.957354686577595,63.85352792973401,blackgram
12.58142493861763,71.91437593560845,30.60096174080087,29.716263651952616,63.4122240554031,5.749277499414624,66.65458953020759,blackgram
28.798487457714177,73.72106850360097,34.7624815190927,29.85230455765356,62.687458774352265,6.836710137690265,69.20710746269654,blackgram
24.19342687009049,99.34846332836608,16.00350700639948,25.96694559787567,70.80685112194135,5.922737504943208,63.68602793900198,blackgram
10.78723759639459,60.87386847944807,30.489712062395817,26.3443342736955,67.01580923956726,6.408845222769225,68.56703601137693,blackgram
10.542133046724661,91.34006010351635,15.210264490833069,32.61889894377484,73.39956740682184,6.149259881585758,70.71084946195596,blackgram
19.539667852353077,75.56834474493755,32.74849070740721,33.93933510669991,65.03724546962302,6.422604631022047,78.53815124291728,blackgram
29.24116997882703,80.3583616168819,24.056496105686534,27.786943159285258,74.38307809785616,5.714221456709301,71.5965915209545,blackgram
15.651005350372778,71.16033161391186,23.09937174752377,34.98792935815655,60.82449460259733,6.367812727305298,61.65144316070554,blackgram
13.090416599810379,77.58251767091595,25.20920262692883,27.58792408364524,64.74685696311624,5.630450530383899,66.06439567688501,blackgram
29.33116878761088,97.78829526689927,21.6975658027397,30.708539362787615,73.64393086666416,5.509275733961345,76.21367140675184,blackgram
28.96739105577838,63.653029373342285,18.22895372065842,34.60746302771355,68.06310215460519,5.521294951707586,65.15263997527059,blackgram
18.998873485377192,87.71635644099071,29.66320756273599,34.954215129254564,64.31266799075638,6.307330152802713,70.6664709571921,blackgram
18.11290518894475,66.76647575369681,34.549131263676855,33.53317186666586,67.47499542441356,6.404868134026045,64.54522107119325,blackgram
20.875741407834937,87.79880532485903,25.303340567731777,34.902851705849415,69.1701248437159,6.056460568888253,75.44304055231676,blackgram
13.409250231632841,75.38063254825066,21.939179007551715,29.31807095107777,71.72669738893089,6.226259548245111,75.88028900531926,blackgram
21.52977806279732,73.6827773863022,31.199574873669448,27.382896705530918,63.365744696996934,6.256754386082253,65.21698491924178,blackgram
10.181740699024326,85.93190109195206,25.22187642944796,29.45517814493161,74.50452771927473,6.3567987759443705,77.26863155578769,blackgram
12.789004724103204,82.7682585251771,32.35959253461806,30.83105757279898,70.77021267190503,6.058065351718311,61.84899034074133,blackgram
19.15800590254143,75.7791756335543,32.34120364757895,27.439953023524723,74.50101341302663,6.9372071797067445,64.95263286142877,blackgram
16.96103910954641,95.82222963495539,34.33244441792215,29.43439102836044,64.81495568461347,6.289141019877313,73.7553841273147,blackgram
15.469490307499596,89.45892698476291,16.03314714229282,25.492944927644164,65.79431557718318,6.0302097880910805,66.31266430734304,blackgram
19.8203952533782,72.82934329246285,18.84515836936184,28.09469549088601,74.62356409215353,6.116670125492273,68.89425553716671,blackgram
21.530899799022798,99.33363073656906,19.83202552871526,31.81282110532434,70.73977040312586,6.410986625189599,61.771566792732884,blackgram
23.53744551655153,62.56378844144702,26.92285299099794,32.39581177221743,63.16454835929925,6.762433011314161,60.60707611066009,blackgram
26.87625727316612,78.4131620257106,19.35175879863289,26.33778144993968,74.2996075137356,5.608998381371735,63.98186839871851,blackgram
16.95644694866092,84.80939395844482,25.896021705521967,26.25643492412314,64.34591975607322,5.858127656629036,64.27085708980682,blackgram
18.222886729599743,88.16125810366628,19.34905864434472,28.666788797029813,65.86376140261743,6.964684794153115,79.09332713758138,blackgram
26.002751655041518,69.6663568327674,16.360746281833393,28.16904137720625,64.00191824150747,6.2588887002195905,75.55455820135586,blackgram
27.166458777577162,93.79456341642035,22.193511224461353,31.87234343460683,64.6925129628633,5.591358314852774,74.03130531205885,blackgram
10.196551051395756,76.36730349833954,21.587585386041514,31.933775385188525,71.49368209140569,5.956141953956926,76.23254028889707,blackgram
15.878335210098676,77.85305439946245,29.54037054028268,31.929202292247886,74.810527084683,5.837741536323898,73.24635827079165,blackgram
22.193638165515548,96.60393817960119,18.1272428328975,32.51798163586933,68.52402924403152,5.911998804681858,69.48869828294349,blackgram
16.675531941395956,83.17253611153843,32.780012216293315,30.693049844122022,69.47583627489877,6.2781217706720645,61.023310128909515,blackgram
14.657171137521885,79.68006917728331,21.204705674894093,26.817635977611943,67.56199262877658,5.984214690171775,65.1621528634683,blackgram
19.279708348807617,65.33137032328693,33.55491466150815,33.67702097919239,70.61430878610803,5.659320741382684,75.51754508939386,blackgram
26.15914656218038,90.7105847085735,17.279317742384823,31.43907957067765,72.51487193624098,6.366030101829502,72.92814750456178,blackgram
19.167269588526125,81.1482927953621,15.687537167034504,31.389630219732844,61.22170819336739,6.152521891510335,65.85310195334816,blackgram
20.908559004234263,65.33665342092829,28.832868039466362,32.9501153692847,62.45031674614735,5.656469631027823,62.910309655747184,blackgram
27.542551237970034,81.12757047025426,24.34521992015005,26.067118191023543,69.74334010135442,6.801999387842635,76.56371738646905,blackgram
22.521094179616025,63.011148666066944,17.247940543520258,25.493089871098245,63.86218824738704,5.703492200740566,65.20096080504868,blackgram
17.701161114379232,97.71931136284542,27.20752119563384,33.34973785682962,70.65527251068498,5.668754695789947,74.71840812747898,blackgram
15.501977631182488,85.56431387978826,21.81923947285977,34.97672263264659,63.953272192451664,5.9186957061614045,78.61344511124797,blackgram
10.492888092726453,87.86755951492788,29.506527814717565,33.363785774103995,74.61658965957713,6.963402878734978,61.30553515132928,blackgram
26.43678645505805,85.85239734629525,27.946842687461825,26.283499266146947,69.7528074966848,6.973723870901871,78.23637139078895,blackgram
18.782613216097012,61.59791893144377,22.245869800004098,33.26390311600555,70.5224865219775,6.189015483390935,61.102030703176624,blackgram
18.537894556466053,78.76099758871534,33.57111065788272,31.410861035821593,64.67479374981973,6.287977396676082,61.3211061564432,blackgram
29.451364712994735,74.40239607722904,24.557347098262717,28.552839742369226,70.237675951743,6.49334823749439,74.30644621058272,blackgram
15.362864592238417,72.62673924656264,17.505024621924157,21.555099718461125,60.59695691003479,6.396523503285189,48.045438272774504,lentil
27.81664296579267,77.96151041479847,24.186073764261476,15.769691830080173,70.06147538164554,6.731889130559268,38.669825819070695,lentil
18.426017632667293,93.55357347061081,32.54240935324576,17.43179980264226,68.25855951812046,5.78873972595374,36.52818146209335,lentil
28.22241002783915,92.82030016928437,30.20069803606348,15.487663188131403,72.65593189065386,6.157066113858075,40.135926849437894,lentil
20.92952722050753,63.654129708942236,30.132930987047978,20.824350768882958,62.79885145309751,5.7823482996535684,37.763729773590114,lentil
11.14004775103868,83.5119379748674,31.806963551770163,15.174982139873887,60.735069674569104,6.359155415030418,47.292435280790784,lentil
16.53477781137267,73.98457595230889,26.92692994993552,17.74212889124147,60.399125491165265,6.602842777152394,44.3847486941218,lentil
21.615119981113182,89.66736515967293,28.50461675124075,17.05881988178321,65.28721570415027,5.6891652125179375,36.94785520126822,lentil
23.523914927130782,94.34400427929992,34.25465167722278,21.283471175494444,62.76151985041435,5.658475518173396,47.19276457305136,lentil
21.575129527199984,84.73140084054879,30.629241775094187,22.032772277324515,72.51687379284145,5.584320858189818,46.21280955119757,lentil
27.01705514644191,71.44540169833257,27.80894547986506,18.141620638369723,74.3695659972368,5.550135358653256,43.696892657494324,lentil
13.330070940990302,88.48880820708635,18.517805668373242,17.353832618983574,67.41556216568637,6.872252424995317,38.17571558221956,lentil
12.884800422362071,90.35907327416123,25.012390646678618,24.117851123817715,62.19921835739763,6.4688918395345585,38.493187192277226,lentil
13.135208573032786,87.33717660629083,26.873692398174665,22.54827458362331,64.64193864669274,6.171957484573285,41.08207514495628,lentil
29.681789279330285,71.68995826957551,20.896344766935336,18.545482088286075,68.46891121935482,5.878484116395618,48.72934910568911,lentil
15.31371129732527,95.83262926240778,17.069501272931692,21.565627023996523,73.60478277657366,5.753124157597345,49.524904401488826,lentil
19.057667208310235,97.82860433764098,28.53640087260094,18.015868698735517,62.8245378737566,5.955602569337649,36.39526113894013,lentil
12.877359326866596,64.18641761385925,23.458870874831156,22.955783762575862,62.1207533132451,5.695480649758504,44.65143424275996,lentil
13.943659639361325,63.90440152435966,18.336971564111554,24.23731395876776,72.32206879164286,6.031096843532641,44.83731150991089,lentil
20.74551347336076,87.08497053930256,28.65342304925519,21.28734015059993,63.99152052805963,5.5585096311442275,41.83350172985163,lentil
27.819477693814076,82.77989034074304,31.647820834038157,24.91624342961228,62.45424306207414,6.537666458712973,45.11440360550037,lentil
29.59910894716557,99.42402935811202,28.73357223448259,17.43614791982194,71.97833757195899,5.660543701316557,46.71048956257443,lentil
28.20392248289393,75.31333579073741,27.61270589966161,19.301427320968262,66.56647582482192,5.96555633366218,46.43194430675487,lentil
28.723531283330104,97.63003436937845,18.495625697498678,23.747436496565662,71.06147162140684,5.879256101035434,36.00926919382272,lentil
15.35994533768756,96.48832947126103,27.663573497915444,22.210546608978717,63.85728526663644,6.5790822333622305,35.42182259416886,lentil
17.506426915460274,85.07013394169326,17.921931310826405,23.230035744469347,63.52546948217878,6.47842166922767,41.07795713862995,lentil
21.920871909552943,64.29802210515632,15.338255998432146,24.09564427380301,64.04445013150774,6.7295155041706884,49.990254507083,lentil
14.228625159978224,70.60682964733422,28.257195752693313,24.654486346006212,73.73721522286115,6.254313280098377,46.92665423790087,lentil
12.71491706199802,99.09752736816048,34.28706468071973,16.63728957879171,64.4913468720466,5.65023249626015,39.0757639834727,lentil
26.31911578830413,75.13262428661038,16.76793934293517,18.422255247789046,74.72075001361921,6.444525392888805,41.24241419609237,lentil
13.3307702699454,99.44707189134779,31.416980185262574,17.814773024509194,61.05103043581784,5.584938336066337,36.80567224258301,lentil
21.615371672288433,97.1505368482197,24.93486856011969,23.429454824561972,66.68829929789712,6.562875318651738,45.97809105929751,lentil
13.479274118066773,74.44864235903248,27.746043130760476,15.706966081843662,65.42310281644436,6.302199199421789,49.94336739566958,lentil
19.490671252448813,92.64227028457294,23.641345701332355,22.963907226197087,68.93122202430163,6.829893162253597,41.164138285251646,lentil
22.086088396429577,85.20074722475309,23.347658836009465,16.443120436874814,61.40339110368503,5.52500732589945,48.10301396367822,lentil
14.729498244773891,68.46026997127072,29.72070800852131,18.200161130873916,67.59067038617755,5.743766597946184,49.396185821929535,lentil
27.031628000344746,94.55158491860013,23.135474971440104,22.623612137071728,62.1581423308467,5.512928503887671,35.29959398867042,lentil
21.73203474809121,78.21579620991763,25.360306978170396,15.074631404172194,66.34029929486138,6.577102241801291,41.64040552951154,lentil
24.644384126244447,69.32075857587338,31.26284008963451,20.884312404534523,63.161446491448594,5.855080713780749,44.42045696854306,lentil
26.598791864248867,76.6251112811662,20.166008582551846,23.670116069106005,70.03902437626252,6.172128230924615,42.31850292918953,lentil
14.085129358727928,85.07210520259376,22.174850210857773,24.95645176674349,67.20275272892832,6.22882840928442,43.487776811160074,lentil
28.335120062374934,92.03272399439001,24.022601395956826,22.18699265972796,68.79353248171142,6.2385505730518735,37.88473659176526,lentil
19.27872526909782,69.83274348090299,33.296842997033096,18.35406813496347,74.28396021800059,6.299582935142067,44.4731656801424,lentil
20.858808889786555,65.17522467866803,22.516424380158817,15.99146112277624,69.34431066275073,6.170311292800658,46.669774573564055,lentil
14.409409619987397,66.5826423371734,23.126644619275357,24.26585383218381,70.65632722518617,6.128385437189378,42.75908254631466,lentil
11.684260223541967,99.38303585504453,28.32814609389838,17.854040684634224,68.78712591322866,5.664223549103491,49.48755003211375,lentil
13.49569975766732,85.92121272220857,19.909089250778607,22.175613826485357,71.65232050860422,6.510129593367149,44.21749190382789,lentil
27.849381879040234,63.14506843959032,21.618295315603902,17.482874796308458,74.82020943098132,6.08408466950031,45.989190488605985,lentil
23.694503277620093,68.48324949909511,19.779953604231025,17.81284563553034,66.16690917389069,5.85148759847579,35.294772241202715,lentil
27.58786113614391,98.62439325523536,21.83140774063136,18.385068794254728,60.106377191615564,6.520376032495561,47.38159843622943,lentil
12.932166007200063,66.38665397468603,30.801664999428755,21.162907483541446,60.672908364415754,6.433820485693422,39.63376584265649,lentil
17.37450310941692,90.78925673187521,31.21870385345221,19.003566268398306,74.20729404009532,6.1096940769281085,46.57754052845165,lentil
19.67754529128518,95.90129306088336,33.155224873003576,15.874168078710838,74.04739996965338,6.738302262280623,46.86966071469,lentil
14.018226793710449,92.2047683501866,32.002654693700734,17.89150334454151,74.28390117543486,5.574790219598746,37.24863879870709,lentil
20.751622761030287,83.03169884489239,27.903001666018067,15.169691293154665,74.40550161933196,5.5668821391012155,37.145929290851036,lentil
10.28029035052114,82.67433733176378,33.645337678419445,21.65947166080464,72.33986202720641,5.51992180518787,43.13022947719589,lentil
19.191259550110438,79.95871776883172,16.444263706703758,21.844353610693076,67.54830622287952,6.647723274791896,42.27935951092573,lentil
12.987632724528641,85.93027816311289,18.447727242103326,23.723945633548148,69.19674358603862,5.735805825335431,49.435070862218105,lentil
20.367309266706414,62.9159380748662,27.536658088301344,17.531989070128102,72.05540177815953,6.7267331103492864,49.68421033781993,lentil
20.037390620490072,78.19827518910948,30.06951210892961,16.324706563419266,68.20373270689686,6.319371400196276,36.34209684215581,lentil
18.359681710138272,94.13139194268808,32.12307243989321,15.99237664919681,61.360813241217464,5.8940432155029026,48.121490938309904,lentil
12.57805170146998,88.79987210509785,17.023312392262063,21.231378537478253,65.34100948678717,6.6833709444488,38.505356732380456,lentil
22.784036587799196,69.4273013830354,29.273205662243075,23.736780345607485,61.9020269869014,6.799893532893256,43.90362881621447,lentil
12.54220981734048,77.10167421438848,18.217205869701957,22.003478888665697,71.38302201626925,5.658694780409198,42.592097790419665,lentil
26.292501120518345,97.44652166203986,25.270357334835403,24.502792236114068,68.03533455684044,6.091285741899862,47.72304692829343,lentil
19.859654209161782,78.87610042258092,24.806249788196567,23.467850018697455,72.47912312532078,6.105279988660317,39.999497898057875,lentil
19.838560480782586,82.91090038948437,19.76674421255994,22.939550847155907,67.29724148598635,6.00106832262994,36.60231489445986,lentil
14.776903208072138,97.97124687023936,21.101993736390533,16.688592893670354,66.9100918748249,5.960631615040373,35.527388754067914,lentil
16.462904345588345,81.76434495757874,26.03424744039934,18.565589211768888,66.70954134378901,6.94827687735215,40.660227158454674,lentil
15.16453626519966,69.73868176267041,24.15529225408268,22.59520148716944,63.0898227628271,6.563944190711152,35.317247350241246,lentil
18.378659559678923,91.03460260811147,21.774659115488628,20.637371014453993,63.07468849238866,6.612993086689258,35.784186549031396,lentil
27.05085289751001,67.92785545686672,32.48796063416661,18.525292413005175,70.8402536171173,5.978837946679283,48.58867506851971,lentil
12.532742510367488,67.14079157090394,24.860602503176047,15.819384390381462,62.93970277052643,6.915649573318022,49.647344917218305,lentil
17.525186586608438,96.93144084055743,25.896493513468634,17.69742465873767,70.53598081620898,6.488352709862285,49.836879786631,lentil
15.300945748185665,86.88238010646941,16.04047510058894,16.136460386967194,60.058775624266396,6.9991910215895095,47.03410545721216,lentil
25.734460294670818,80.38904301152719,21.0013416581088,16.51264284462676,64.27012108269696,6.063956832893709,46.34465145470441,lentil
20.79323577806305,63.09934506221931,15.360580179178244,16.02332179534063,66.15748070546069,6.899789375573528,44.561037218138324,lentil
26.036517997510302,78.65498378018194,22.233321663900856,16.084003727166227,73.13899533279307,6.6747400435418545,37.52177146396588,lentil
20.24521127752521,79.49499231684979,27.501831053730573,24.461868939912613,68.69657162643719,6.310325900167928,35.75484399401996,lentil
11.25814952036048,67.49387165307155,15.649415433834966,22.433528955700126,70.84995455990945,5.704084351647465,47.54118351192921,lentil
13.095720696922239,72.04702347989435,19.9795379832273,18.723070985730477,63.819956488349426,6.233426389657678,41.11111822032028,lentil
29.73138981558653,62.237054005129025,17.84362752774703,15.528258939086024,69.38761792473564,5.581763916120579,47.546596060641846,lentil
20.238772613638556,81.08030498326136,26.231890154243885,16.708137063062107,62.965354546717315,5.978225984309507,43.90244623732777,lentil
14.202355518804291,64.65326908533045,34.40233772836864,15.219818148096229,72.04046108004033,6.682052724362533,39.45821170767644,lentil
12.712532320146268,65.82514586821694,28.94863234474385,21.428065910861736,71.7411851137708,6.906221758598657,45.37891044899888,lentil
13.11703073102887,69.73770467061642,31.84387461746229,17.093060758342084,61.08783475431722,6.554920081063376,41.03789533235213,lentil
28.400801050918073,86.01020284374647,16.808379555833216,24.478565672536607,63.87835895460369,6.005818735609429,41.03390620525313,lentil
11.024485928086264,79.86061688922419,17.466369821505843,19.00970326688352,65.26064681988126,6.659260125139755,47.04755767449097,lentil
13.06825764778176,74.66204749516905,22.467063220636632,16.51410443936085,71.97680257576786,6.560842492503134,37.85572679445552,lentil
17.33443817187598,64.23220099426057,27.56413194186088,16.213719245486196,74.78901252937376,6.6710231120317935,40.85357824375993,lentil
21.57127864558709,96.45367264865635,26.081985607916522,16.744984863979553,65.68055033371739,6.764717297544618,44.66319523984427,lentil
23.014487686676006,94.67285942753956,32.87946114925009,24.197925717794362,61.422737898797344,6.316189002944651,46.10764281827478,lentil
25.138536902540274,84.26864807880015,18.335746703673482,22.974205539416644,70.80167000272418,5.629203657323554,41.95714737011564,lentil
13.479547990436071,73.49908182851888,15.361621844113708,19.003298684107584,68.24815381734315,6.4293738892406305,44.95235517693065,lentil
26.7258262620492,68.61851629102921,17.40963644876936,23.515371718979257,62.34919222338975,6.962140122004293,47.638073440979554,lentil
20.017532117791983,99.25685699688101,16.947534582160085,18.030657611751018,69.57336622560918,6.025010302709768,48.925588279711874,lentil
11.31252176355635,81.97647328243858,26.81732534790229,21.527281237772243,63.83499334997722,6.046849641279797,47.65520794497466,lentil
13.898855379403196,93.07471388693449,26.253108458054847,22.62187511194082,70.70411049395207,5.811267243077318,43.53219104650809,lentil
27.35446305610185,77.28464947207718,34.33181540446633,19.52215100101718,62.14178455001827,6.08415202011651,49.27553609585806,lentil
16.394416986797083,94.72392639468251,32.62501363363779,18.50186524331961,61.24886487075948,6.5868368637382275,39.67268448520979,lentil
26.743854213863585,11.639822723906496,44.70533484685243,25.779094067485367,91.44126997955465,6.164691017984372,111.28571406308866,pomegranate
20.5101077291592,12.889198653521891,51.175988890023014,21.61768311922566,92.71829248483964,6.506090988163901,108.08318338910965,pomegranate
19.162842073535888,19.001196905351822,49.47069146662177,23.77186676223309,93.82948048978551,5.543949164655127,118.5430889668509,pomegranate
22.642633098363028,13.186245196691535,42.18847653661634,18.81473897712942,89.74005310250847,6.926117069819007,112.26098686812801,pomegranate
22.000247337462962,5.790646847801585,35.75132459087961,25.171814470467577,92.84285197709,6.2630589763244,107.29373591268006,pomegranate
26.171260974448835,7.523548686627378,38.7986948732204,22.607121713482755,90.57651875900747,5.871194471849719,119.35712933659995,pomegranate
24.76457617827817,17.367756046998938,43.35417133945952,18.730850910261502,90.46299746429312,6.970008194795225,117.88775725698106,pomegranate
25.646056272015304,5.110367444381218,45.36411464365042,18.375286575318032,93.12307190882304,6.8811562744541135,129.05257391501223,pomegranate
23.108290130833865,11.873072078783238,53.900341884969876,24.73609831996695,88.58409351584568,6.198588366501246,107.20735055392912,pomegranate
22.047064821730224,11.831983580095425,46.642896056294845,21.567704903492512,89.47843404510336,6.255579151884934,124.90608653037286,pomegranate
24.960183421014037,10.075517988878238,53.71046045517714,27.12207571249182,89.8841355944569,5.559126377680545,122.23926125052287,pomegranate
27.414153920237297,19.51796848927033,52.796727881766216,24.005347682064148,92.77047105291143,5.5417615768938795,107.39969340534333,pomegranate
21.894221275993896,14.427558501253518,46.14503666636821,25.426359896816905,90.51790237798336,6.34742891147871,102.64426730172376,pomegranate
21.204982853748106,16.252412494319017,48.86801706858088,27.90642737172179,90.50102013388981,6.247283948760969,109.8859124132199,pomegranate
21.609046710887622,17.854251948040822,48.684181503769736,26.824411913475817,89.83159997498697,6.810041676762157,101.79286822535153,pomegranate
28.32898920655729,9.936106691910918,41.29175266828133,23.12088576698664,96.46621168950908,5.571672047022108,110.56692925212236,pomegranate
27.84857983025004,10.940817161532001,38.98313795194134,22.247941813314117,91.46997251342502,6.873124302200055,122.85803127229292,pomegranate
22.576733336160096,19.82555850082357,44.305550625518464,18.582378308202752,90.36046889633487,6.154105720328969,104.7070787243836,pomegranate
29.213476894860644,16.502733467266594,40.36574400855545,23.90804533517916,94.49304241398615,6.911918393360197,126.44906047526231,pomegranate
22.727883392073206,16.619789296895263,46.242895076551704,23.527038900455402,89.03267762504373,5.6892064870242285,115.88600845067373,pomegranate
19.0329231746851,5.3155535369070295,49.45678407800425,18.32486596690165,93.35749156993649,6.308790691190971,129.06444071733412,pomegranate
22.263197090214625,5.9540215456669605,46.03375935612924,26.410961706161014,96.97164355853296,6.145514760533609,109.60896227490227,pomegranate
28.59979945427998,7.868631936141821,47.30857830065853,22.05714424180948,88.3697412846,6.0209327114585465,107.95685567508023,pomegranate
25.291367309152303,19.231857465378773,40.360943747572755,26.114659391516817,88.49823835244568,6.307181515059719,102.11650191129684,pomegranate
29.01049486695959,16.495269208360853,48.158998224091846,26.238963816246642,93.82767816013147,6.9534165957614364,121.41873843594314,pomegranate
28.8698791437337,12.75697838015957,37.34128825963725,23.28177721423017,89.14185545256784,6.388740218764608,114.47479181582989,pomegranate
24.338630967491724,5.150704715822474,38.896809833107284,22.91330431912131,96.55453205430221,6.075413560532738,112.73116078160903,pomegranate
25.72044133509933,14.05689135929177,40.978523001966664,22.10816395567428,89.9592981897151,6.949032188695313,103.9190314467208,pomegranate
20.577551768496292,5.387584583300168,39.43558983867093,25.80471138380155,89.81057709059992,5.620095103793449,114.2335953953357,pomegranate
15.149538521017778,6.271492316394998,51.1525173912595,25.714733448596064,96.23624938364406,6.781773153866125,120.49526689719454,pomegranate
15.784992859509943,16.742729269799863,51.91021621681121,25.990821457719544,92.57631131777224,5.849352757974223,125.3598992706618,pomegranate
25.907442146102078,19.711417615832772,38.11385195511866,20.25664583052055,89.90618334893352,6.688809651432005,105.60721889350354,pomegranate
15.999897447349591,19.978412098784432,35.496344228902984,26.352440601588654,91.28830157395588,6.762423189636722,116.63861473633435,pomegranate
28.5244684422954,18.8928947962194,35.18196362561552,18.754121759927884,90.2532285661377,6.503973124545253,126.64816589534519,pomegranate
21.899129269409443,14.104596744113982,38.769997055911226,26.049668338816854,96.70595300218123,5.902898399371896,114.8447785480164,pomegranate
16.291741657595608,13.387049846944526,45.05566883693361,19.444364841550776,91.97859591806268,6.001156978129845,115.65492625915567,pomegranate
23.78481503143199,5.127433679108143,50.22011965899111,25.13014291861741,91.2965774758587,5.579403903353227,122.64797619355151,pomegranate
29.32762740717199,8.602273940330214,41.47049227474076,19.838128894818148,93.19242511010356,5.732262091971182,110.68581830384139,pomegranate
25.455195209013944,13.401739745140226,42.72925128655871,22.20249601807542,93.05899794360907,5.508797091830742,102.3552960536083,pomegranate
28.218871016445174,6.168184836369361,49.1360719242101,27.200381641090527,90.43615243871558,6.055737155589272,117.06764217534149,pomegranate
28.22563454457877,19.128583808906303,49.79126496222536,18.86619760854694,94.02238739981365,6.115455582808993,114.12102998473185,pomegranate
15.737225855177655,7.865932090195373,50.81027215067296,22.539588330478598,90.71496017468034,6.0760286109474375,125.6319853997704,pomegranate
26.234985261074353,9.084730957716243,37.350036804247466,20.519982216440717,96.2868080594926,6.372383256774633,116.00440626234348,pomegranate
23.94590399538692,10.49042398619773,51.142140406390254,23.2328624930025,89.05073112491915,5.693597687243594,116.10577439507856,pomegranate
29.048553271062588,9.62528182514298,52.39082337718436,25.640955865788793,90.23031198616216,5.554511122474364,103.05541795427148,pomegranate
25.927409007711603,7.995046070609701,42.42541841010787,23.01699166006425,94.52921351605147,5.669846834888688,112.19099215832384,pomegranate
22.27609363714043,13.112405959573096,51.36721282790433,19.716781950432168,95.2704830664396,6.5393176415449785,116.67612442596878,pomegranate
25.49291805603858,11.180266084274846,37.76795171936249,24.657652402653675,92.7220507601706,6.459062200814163,110.1399634308547,pomegranate
28.60299866009754,13.810548028633654,36.70804968581748,22.498039907044287,94.8072044926927,6.691201842598408,114.83791158291277,pomegranate
28.421213562469518,9.015026557914464,43.21197394476533,26.9859691056897,96.06631044824421,6.528569153237021,125.7694164136666,pomegranate
16.33159900434349,17.974924643116644,41.41239813100454,19.78331512428216,90.15432852707842,6.126952762020831,107.53576013813402,pomegranate
19.808513790247485,7.024677291074632,40.92353531117997,23.722838145420013,91.97668337281958,6.020078141853867,122.39356386571342,pomegranate
28.40264957089977,16.351838343535956,41.640014042353585,25.444421678375537,89.36782164226646,5.695476982136936,110.36881111108477,pomegranate
27.115535535660854,8.695223708634527,36.26506817797359,19.31709535206355,95.72870471676622,6.450674927120931,107.5960349010993,pomegranate
23.32943737992272,12.913694336380257,48.10871956881323,20.331875544216164,95.77962688474958,5.964052843120019,120.8239496192871,pomegranate
15.241869695583222,10.589856948412208,42.034196359176164,23.434844285830145,88.65462635599476,6.685197060589163,106.53342405302706,pomegranate
25.155567223230154,17.0481818486614,46.23753912483026,25.408832067219855,93.95674280993505,6.033294695728012,124.26575617100696,pomegranate
19.42052054828292,13.568193766272758,49.90795478283079,21.789559098125075,90.72490846855682,6.189019015259234,124.5389048304746,pomegranate
28.94882644718497,13.176251192898352,48.22932410647304,27.03273622238914,88.88692166271647,5.848117866799248,121.26700018754747,pomegranate
27.356166928684495,17.85543542495867,43.30214353709865,18.89339902291867,91.94003329569658,5.84610188531058,108.73589364989873,pomegranate
26.584013352562586,6.132906290388303,51.551624349614045,22.27669085824169,93.36457537990536,5.634478346853519,110.12077235071838,pomegranate
16.345513785222685,19.42315584321664,51.14523298652501,22.596327543564602,90.01242293491303,6.900182657874778,110.33789787180915,pomegranate
17.41476647531062,13.447465826809323,53.875482406896325,18.038302905003224,90.14312358928599,6.907671460615612,105.13257900571486,pomegranate
16.698651774597298,13.552808236997066,52.2368764658966,22.77109817693926,96.95107831016072,6.518757549306989,102.22224721631343,pomegranate
29.89248197522963,11.118413551702856,40.74805067690965,23.578791835778855,90.73876832638778,5.629686260680229,100.0428502923753,pomegranate
21.743750293803934,17.552951333398884,46.446303712601534,27.99207298943441,90.5816198108248,5.920682597140083,104.79248380701833,pomegranate
17.460953823980027,9.277798940150717,50.85680090547054,27.05756790636448,96.77578452736913,5.848434481144679,126.43892636842276,pomegranate
19.923826339160055,6.692608167753266,52.40049851040331,24.361056346436186,89.48257806472955,6.144746886269504,108.61773084631203,pomegranate
26.051918530652955,11.80124345936402,54.7855989021277,18.54744982259595,91.19513739522623,6.222850250664966,115.09400664244959,pomegranate
19.739037335784552,15.93860373646352,52.49494146977949,27.38719301977863,95.24584039119574,6.7758702959598995,116.51635901859987,pomegranate
27.38832339640222,9.552558637219283,42.96957524218429,21.169130138185444,92.20648601903133,5.928369424357955,128.8483432676334,pomegranate
19.69266942008502,6.470668071664098,45.53634332100827,18.570990784451762,88.99488849677722,5.82908408379437,113.93050749646426,pomegranate
21.498763984635417,16.99537793004187,49.789493077682266,22.26318293990701,91.00333786818067,5.974703176092248,123.21985261882027,pomegranate
15.781086093319047,5.192324742659087,50.91088783853296,22.771463759890494,89.17793024698219,5.853348901891752,127.97511859292148,pomegranate
27.892544634373472,15.646775753359588,44.64450460674653,23.203236261913858,96.77720081755562,6.948655665826431,106.45807137357502,pomegranate
27.16656849457977,7.958639992505252,39.270749557679025,24.760930341645768,91.64500988728794,6.8973166106597805,102.67029204688026,pomegranate
22.672884612142397,18.77782295664682,53.0822732095901,19.565292134157414,91.29973930086811,6.428682100070044,104.78184654314207,pomegranate
29.52033258068608,18.721239930914905,38.339003580689386,19.211554612609856,88.76867634527439,6.864165496054946,105.80871429386383,pomegranate
21.24427392816532,11.732770484780044,46.98022088427135,18.717353437474248,90.04082755660464,6.897235580378389,127.25230321805708,pomegranate
26.71935971108538,5.291018684273231,41.54013536992204,24.27958735342908,90.47671190596128,6.864380042580666,119.01668385497325,pomegranate
16.078600759746685,18.635083832535546,54.155333163524446,18.777124183917255,92.79124211375184,5.955046423321256,111.78517229444208,pomegranate
17.69476826933013,13.671081530186187,54.15958706497781,23.03072600271609,88.74623123255033,6.4300020002161125,110.20668983353771,pomegranate
27.83887784386947,11.520172224747053,38.85679217884491,19.911056226911448,94.91887762649044,5.89838139746104,123.01700182477668,pomegranate
18.08830966149899,9.825295530519641,44.30973944879399,27.431958496934506,96.38558282278441,5.810307813133432,110.74657123729219,pomegranate
17.240990826806584,12.649776189702457,44.21165101389333,27.007601624507323,96.37004840011966,6.075351086510938,114.75213829056969,pomegranate
28.443543737191995,17.100617116175922,35.07312622689299,21.200595641835825,91.79596817742514,5.844574425524848,105.98714847687816,pomegranate
15.566767598935195,14.650545876046408,40.25020580966331,18.52347178431313,90.07881379475258,6.70287092925419,125.54467544939641,pomegranate
22.24599367789954,11.241060056130292,54.55707387003564,20.005646595880698,89.93823354569147,5.9378007655545995,105.18271954843262,pomegranate
20.690483973062797,18.662513404846308,47.306956812571485,22.119465486122635,96.40969715114093,5.572696348713733,106.30828533705584,pomegranate
23.488329076526384,14.233289347897687,35.791150131252266,22.030387579071324,93.84238568347786,6.547105819605102,119.14419707548808,pomegranate
19.808448365413867,6.402801853968643,43.542248928386684,19.287544373680554,96.52861292668601,6.212756299033942,109.51777523070602,pomegranate
26.4945610667835,12.469228888733959,41.200680480249005,26.119677423908016,95.8043693590101,6.5095122494330155,101.40893267223002,pomegranate
23.494843202497982,16.449423679959224,37.730060241671644,20.286707513846032,95.94245594561323,5.530182582779611,122.58181413477928,pomegranate
22.106599387716344,11.701582382594104,35.141930649897745,26.19398230966493,91.2384241057291,6.311148446950814,120.31902059006978,pomegranate
25.539443646568735,19.339700882391085,45.62679906473218,21.997195509744277,96.58333263842538,6.463165352538281,108.94451068829667,pomegranate
16.896963681053567,17.63831752197772,42.24363205588303,24.60469721364431,92.23734777429308,5.7983946696925575,118.05059825861395,pomegranate
15.910246034260235,11.200136898067884,45.93229879327342,22.36046974118579,94.73804957725892,6.741887431817968,123.13729222099533,pomegranate
15.582194217177031,7.911931556689583,45.732150185275486,27.348220404438013,95.51461097546905,6.763801762527702,109.09624581279024,pomegranate
21.44171845618054,12.06058920973906,38.14743166699821,18.310681302444564,96.52212609514466,5.86106887849526,107.19846711170894,pomegranate
16.250685806531393,18.92761627915668,46.59474229879544,24.67036857125354,96.20419198536747,6.018430253351184,118.64521933414252,pomegranate
81.5519781891555,57.47090112924517,64.93737415269828,32.667683563383356,80.2596403718572,6.065215941661319,121.34217734214317,banana
80.00964018740538,59.64977344152111,46.24695425824643,27.504829467497636,87.08858763800163,5.919510784819665,107.66085288200593,banana
100.17053843172127,84.62580145490928,47.240491115124996,25.785362427927986,80.34607103774496,6.621477736847467,122.02762178779179,banana
112.6717347829739,88.38368590436936,63.77987430254851,31.038030788437535,82.40012382078571,5.5601036295224,139.37287915256167,banana
95.3392449030017,56.08912855667467,60.0012656618937,27.84288289095459,83.78667406396572,6.380151861766887,117.82919283611477,banana
113.4447446218017,60.598682462217724,53.45897774853202,30.376921285909717,84.95437081150949,6.675957775758384,115.79229131513024,banana
105.84187776386383,56.02443812274076,67.97944301627436,28.830588064210033,85.94282132964658,5.5305116228232665,108.20748571619228,banana
99.48330177294312,85.13009870929386,55.81765449852031,34.29870482293879,82.25695344874194,6.235673645103925,104.78987154002128,banana
112.1062497660888,59.878616498682504,66.98837468116946,34.10824220330396,89.14965167811225,6.280345733654635,127.08375139134577,banana
111.14063520246654,55.24058474601863,58.02871584992492,25.342979013033116,82.46349125083088,5.732264022430341,107.31691703848338,banana
94.60190266770405,67.29748666866013,58.69517273596561,25.744284184385158,82.55537641856166,5.773937695379652,122.95900700126967,banana
105.49618449044735,72.26837026211416,62.14886531434923,28.356092442409015,86.47659887449696,6.14915062256229,119.36737993290387,banana
105.92408509044286,50.73433535996896,59.61982664260745,31.185851490721156,79.6477067512992,5.628691427349234,103.63741799652165,banana
116.92894987940915,77.57117284903349,43.81307841312221,28.567231693089063,83.88724490852394,6.753357557635973,101.74643714852034,banana
89.46532525880036,85.5899596118152,40.27496650551449,27.013991027938875,89.38536263959449,6.420102769783257,110.46685466550025,banana
82.67964377583391,51.12765361788889,47.342352389107816,33.8148581958891,81.23870481446264,6.58050005374899,136.73140141519832,banana
96.32161846411266,57.65109484149588,55.51353792570758,34.080836870598546,87.0656162120655,5.598744765044731,127.70291200310328,banana
102.87590089835815,86.29852705385701,43.674442505508914,30.340361132046567,88.19194040267838,6.115035680112614,119.27979670931468,banana
82.81842710667833,61.12574561795643,49.73519947506842,34.45122448744887,79.24001040811739,6.191303102904478,126.85217694257119,banana
86.48733489631509,69.45769548567498,62.15617118427723,33.66855213027066,84.3938891199364,6.503580272975421,105.05133890338276,banana
117.83105988985389,55.3029630993793,63.24018811545395,27.64816321778319,89.00389715551877,6.579939309054219,130.15254851913477,banana
88.76236692239533,67.72159906540644,58.53439583767859,32.69973618206601,76.55939063868584,6.943547974681793,135.60882682218224,banana
90.81394361982338,82.91040972129328,55.5497176911947,29.618064815620187,79.71651158717108,6.371452879947388,129.1955647081439,banana
96.43731619851033,75.16876772033169,60.97938763465911,32.11121817015286,75.7794914719677,6.7896217085276005,118.33013259060192,banana
90.49664326784858,59.670580299187264,54.490423385318515,33.86831539468959,80.6752137252397,6.624588620175315,103.87274923948874,banana
99.04226808604247,89.66744561570943,63.113134083770106,27.10528488440613,82.52162210546867,5.85043714547285,116.38243709050037,banana
111.20336094939859,80.84899261161615,46.84301133707155,34.2222331815486,83.8885227414724,6.069886436443022,120.07742323123443,banana
104.20285013750976,72.39562127383141,54.59215106608535,30.049328040894,77.64617865641829,6.7190993564570185,121.67041279764061,banana
85.24319446818812,80.64628406331111,67.97331935132053,34.47306899236962,80.53526598616759,5.703275310341131,120.73598506532261,banana
84.50436917396883,87.35949674050468,45.50738882065438,27.52765859951164,81.09954790327455,6.074746702838689,131.78651569591557,banana
98.25267282203849,56.830730400133476,48.01629686458222,30.09113385187522,77.21180876139202,6.417483513469021,122.62989226204584,banana
108.58809265529031,87.50818461517471,67.36763683303467,34.460756180688314,78.67073395535552,5.697347959959032,112.09106801985794,banana
115.80340691065258,88.88213898493953,65.77974853211428,26.100177211275437,89.2114199708969,6.1350370410261785,100.37241163049414,banana
97.69574962992775,51.842766787018704,56.31633763483353,28.385540274370513,82.10152400391073,6.419755541114675,134.75204383271281,banana
106.47606305887714,67.36195473912723,64.58283561011095,34.05582137573132,76.79639949648296,6.297899466329187,111.38047838969777,banana
81.88244791507789,76.7418678045594,65.88312332377677,26.62902654477394,87.1862048643585,6.780093600305412,136.57361770665935,banana
90.6114035634421,86.15812260759557,49.61988264209297,30.523380134555026,75.75761206248423,5.565821632553115,128.8149285092881,banana
97.77919911911164,60.2516950147687,45.71240488074731,31.69953490859218,75.0060231603801,6.708836753795281,103.16998424519716,banana
87.65958459632478,65.44945581196359,54.54576219148311,28.549951158139418,79.8106824747644,6.945874018109783,125.66318724973577,banana
80.93731821469552,67.20703633777254,66.25026099231911,28.01456186410668,76.41834517161583,6.637577157384877,124.24055327744325,banana
102.81250031306016,52.143062384296314,44.21497029386552,31.22549396213114,78.11735762188253,6.256105119622637,121.79526744117574,banana
91.34028761083758,87.93700622165971,65.27392320506726,32.22373507632798,76.16990799614113,5.659195028963529,119.71125383459822,banana
86.42853396763942,89.13061854117896,44.75560702082228,29.87467835463974,80.46181585262258,6.4590796321811474,105.161456355577,banana
97.21265712169563,60.988201312285746,66.63254574015065,25.40585712134695,88.70591241009689,6.7494912078295,111.90282865763263,banana
111.57162618708419,51.2485424135499,69.0059665088018,30.265949425897894,79.54921539098169,6.043874818892015,102.6562141384199,banana
119.57398056168157,51.5716778060277,59.64721369443577,29.427359277064582,89.23374327283072,5.868999610460193,121.28347295752044,banana
99.29424834331012,78.11465776200406,42.040306958572614,26.93789130023355,78.21847230139275,6.607226132262534,107.5655478530696,banana
102.93967055563907,58.609752820038146,65.84874850251936,34.421854544896384,82.7773946241336,6.0284633263137675,109.36231100069996,banana
81.99124006092175,60.74000304789982,59.62707339835954,30.336169313092107,89.1606191742139,6.094415893737551,127.75453369313578,banana
99.57290989900486,70.50304863696846,48.03322943812353,29.549507768419996,82.06177495519061,6.5599637826234005,137.62559996744454,banana
93.17285109930017,51.68801874325194,54.88885376501919,30.444613321491687,77.52660826697873,6.6406969094141,139.39716433765966,banana
117.83098868033844,57.88424155294609,66.26089719702281,32.04493636411685,81.80769845710367,6.310916491487093,133.98400699929832,banana
99.20539758553493,64.92829476420508,54.79742479077957,30.79129804035049,77.83616480667523,6.851361595400486,126.96747795318456,banana
105.33075669349955,53.97984904722553,58.125218145177755,26.209606622384925,76.18046512793099,6.29096634346359,116.1114213618598,banana
103.55241080624893,53.56888672228954,52.929491885417754,26.74786715045158,89.80650128886175,6.341725318652761,127.4974744376347,banana
93.01673122730432,53.78955659117376,69.2761258835061,27.862590353831834,81.3571227776036,6.474795882553862,100.98789190744445,banana
112.41036522069147,71.4631276011448,48.346515612064664,25.616079852924692,77.43747623211662,6.842550788280155,127.44096895743564,banana
89.99606886547559,52.62403059780118,60.71845937159909,30.72407725967765,81.06779286687353,6.045417173785095,108.67257103716433,banana
106.78445026150071,88.82672111175482,45.271457375104774,30.971166200155032,81.36277583618964,6.170033082616998,110.16589120511257,banana
113.00539502645677,69.41022416588964,56.30217556594792,28.047609127973256,77.72712698500425,5.628865582304231,128.56476563699664,banana
87.84937126751423,77.6030141675519,51.711293381408616,29.157748009896515,82.03766244139157,6.051562762191315,104.0247990889036,banana
92.38527240011383,76.54937442775754,59.97353204406613,27.862243072399945,81.90153939836532,5.790170842017906,108.41488326119344,banana
80.92188353626429,85.8698619963098,46.321199952247184,27.275338769364634,79.19402148967697,5.691112107543144,125.57051532725451,banana
83.00571812710346,55.36809705305401,59.34270179770279,28.39660620481443,85.61921740051784,6.336137117005213,110.24084692246052,banana
106.03311801957312,54.65094721171523,56.09231149240091,29.371481050450345,79.01810374226162,6.40600749660925,134.8533436936113,banana
119.95618799052306,74.31051074973698,52.14117622987511,27.252071002162015,78.85644134092668,6.219182467224648,114.69110805122837,banana
116.55258090499777,64.73181870622838,51.20333773436306,28.83534512433977,87.54930315551488,6.476182481270353,124.56675401275571,banana
93.36572089535449,82.71616707329758,41.15091584067103,33.707971723381135,82.69124849690894,6.097375352295119,119.88669122870743,banana
106.69662122135324,50.510617060715894,66.14655569374743,29.467395253113928,80.14449779550117,5.7073683484510855,117.57861497433768,banana
99.85291085137516,66.14586777973912,60.35980281480691,29.20896528759226,89.4212636676986,6.398916276735388,132.29911742607635,banana
84.37423612437915,65.89165171783623,50.10543104341458,30.69482388136592,87.91670280092139,5.61750732664301,102.90299192178843,banana
114.01270832630397,58.5140034415343,60.06259763349441,30.42878132360805,87.49340392330845,5.687633364754605,105.19131862890445,banana
102.2727344111323,87.85514613433483,52.44993275112263,28.26942100254695,84.10033984796829,6.895672900817546,133.47711331378494,banana
119.8193444293288,50.902743328095085,43.38574434138287,31.09467763366622,87.30864659000774,5.92786651346015,109.56844352136875,banana
111.47903197524803,52.25527415412926,51.081479427477554,30.058092225923296,83.40523011525485,6.592922735189165,114.19382893722633,banana
104.50737378698429,73.41501691163825,56.428483019612415,31.40483293142212,78.89173756602115,5.6269731303769435,104.77086688158974,banana
88.98329530615604,70.00791742091141,65.2132825163806,32.01293342088384,86.8356090630307,6.026463435889137,116.18614966594201,banana
95.74727543962452,57.67492737618006,41.83649974430716,30.909160928272268,89.83825025130879,5.750244557425394,101.86739279597094,banana
111.18126727295731,60.10344026738897,64.88931416058784,32.03936667034515,89.18510305576207,6.113390853635008,126.47879357802537,banana
98.59419123253083,75.22354789234174,53.48796718023212,26.88632246424075,82.61846124005072,6.292876302156164,132.42415393040645,banana
109.42082823174324,76.55166495765776,43.401612866577175,32.20616290663715,82.50457734531773,6.841149304159239,136.79483736522172,banana
82.20626362407143,82.82566241417915,41.13092171268012,28.671696256950227,83.13449963431619,5.722151197940692,129.85255250276307,banana
80.33418816688554,56.743961937361476,57.42390489560427,32.143875620372924,88.74964654040875,6.558244977901936,126.87117081019464,banana
95.77364585402657,50.05137702107206,43.60477776206866,30.34554544756039,85.1269482876663,6.126172425844693,129.2271604611356,banana
100.87449181328715,52.96704782377249,45.760487529038464,33.39998223243943,85.87369119936659,6.842142980518743,104.70228996483746,banana
119.60890138460296,58.37626855799734,40.353396288599264,34.97422939053554,79.2161082816767,6.50202917876884,107.0672925670522,banana
103.20914128796566,86.16139945818237,49.60543502285316,31.702539760443592,77.81855383197625,6.437193098078088,113.45801407270041,banana
88.44833034351807,62.52728202814541,45.36523205523398,34.01916107837883,80.95780329475693,5.867918957461551,117.93631364063731,banana
92.82144667225982,79.77677015253303,69.13659735656483,29.380336566976467,87.9155009995836,6.3487946103394295,106.28942660376934,banana
107.62490968325366,70.5373798850328,59.5181956975631,33.89687412571665,81.6065185598407,6.851766434826033,130.0267605712662,banana
99.5441970351194,74.12888542631855,49.76743397557034,34.83597299738774,85.01026744575594,5.565770278744945,113.06487622992034,banana
104.9325773503623,52.253331111969594,40.71652573957428,29.500242395278025,79.99035269539004,6.157447912049749,110.50773239520021,banana
86.58870987771924,77.5657342792135,55.437133488034014,27.001542112493667,79.79384139389998,6.387711861494989,102.88917393089912,banana
85.89812037064718,52.9298241642956,64.36951998142357,32.52409233212009,86.29969397818886,6.574488015214042,126.77541694679476,banana
99.079676615127,75.6911265402846,41.15084664363924,31.214644226567845,86.66816558305315,6.250537540576586,114.30053313708947,banana
91.09706939203916,75.7120820064833,60.78403595889726,33.70967599862543,80.13501123691486,6.6546584610783786,122.45423296757352,banana
115.31345962712317,71.11248433182483,55.528894851939015,30.778770814409093,86.23973032713651,6.947035718242692,102.94253416863063,banana
82.13738409564068,87.50201349629354,55.89626876554618,31.14903014566936,82.23635402392094,5.640486178911212,130.72357513674666,banana
109.88898580354348,62.46813285971248,49.18717735685201,33.37841380905519,76.0853588661199,6.821657722534849,110.26646759583657,banana
103.71938991021976,87.43976716007111,60.34367504609939,29.144298124670364,85.34301313358122,6.015969454474555,111.09033665396744,banana
24.966832779346795,16.261853467696817,37.894399547636354,29.618765361851146,45.491608291550484,4.577642190087889,106.62543766346397,mango
22.62032721039051,13.060687856657825,41.81570143878229,25.43454493021188,48.6675207642594,5.092675977935445,103.41818904471366,mango
15.723763931941225,19.311974623566087,29.465108021387216,36.9900010812866,49.25893155036682,6.963810333138046,106.62175150380632,mango
24.308328641758074,5.0802348304133425,39.964776123618,36.7396584903327,46.39720566978954,4.740314629330379,102.73717821557867,mango
24.336789061329352,13.135798402856581,35.54912927443464,26.834639537891185,45.00789511093219,6.525350226863653,92.62723688958715,mango
21.338498187353238,18.71924681772787,29.17303826316862,33.648546871079844,45.786985767075095,6.009387859594033,94.91795162859609,mango
22.35953560515178,9.518469421908623,34.267820176092926,32.792597046359084,46.712734106662396,6.354094546544053,99.07921021910444,mango
21.623718599127535,7.374245760490605,38.76235318412701,26.666444946536004,49.25356496269983,5.118015184347192,112.45125748284548,mango
17.620350045068747,18.225759595930946,42.83640422813225,27.553737097896217,51.13845945007724,4.719294104299911,101.74611298804888,mango
22.133217295012724,14.891348702748743,37.49401338813216,28.673031227611766,48.78024949434402,4.757365361750716,111.57068461300803,mango
20.038887967912736,15.631484485184819,29.978870495937457,29.21769697225586,48.342153372601146,4.56435602436804,100.2314361849187,mango
23.033045735180337,18.459477436246075,35.364366312718545,30.92152203784986,45.3082461869937,6.6980108439634565,90.39030640277618,mango
24.44750080210212,12.33824373032136,31.83868987149453,37.01483965295458,45.243909931100966,5.953562237172718,106.46797573498013,mango
17.19320401211382,11.433311470253159,38.045280118875404,34.45270555946506,45.0071685870658,6.842133575227538,94.93576117178438,mango
17.335804342223593,8.952101685407722,25.756402731040705,26.599677606674224,54.86349922944162,5.2880418434432155,93.45903271017148,mango
16.069912611746233,15.791899515049579,42.09137328065282,28.34037989361011,45.20909512335235,5.05772504611339,91.69547072390272,mango
16.033949366300416,11.472621797714636,29.59836741723265,31.707296420830502,47.5349375325719,6.851343252757369,117.17831903778793,mango
20.66806105010466,10.316359879810793,32.622937640694715,30.35407968087846,52.27579322134944,5.629097488797095,115.70189839517693,mango
24.440947859303645,10.039192300684007,36.2138896275136,26.235734978823338,47.00469047766359,5.5336644167754,96.18608147705336,mango
23.765604907887173,7.374293840886471,34.11321643106184,32.874090125978384,51.91863908160845,5.457673424316267,116.07297206174185,mango
20.683191510779256,11.592616706713276,26.344812681040732,31.040963089787144,53.207358408157305,6.036352545553289,114.96487361187354,mango
19.940116705993056,6.776925576417227,25.27279691671762,28.941854107341687,51.97990471497793,6.475649759854234,98.87258503860988,mango
19.95653920883247,11.316783566511225,33.210455687028556,28.007533271601957,46.36371105029458,4.991721395578033,91.65997161490039,mango
16.98130741823577,5.138013464380692,37.545168012719564,29.112880296039876,54.73144711426909,4.984292626940745,100.37485710928782,mango
18.57841158641533,5.126772440936908,41.78415906078918,25.415927981876223,54.40179834729241,6.730185877734051,106.0656574825789,mango
20.43595574911292,14.806668844342346,32.74100023869774,33.41388968417212,45.44768388688487,4.635119068374316,103.71691258858633,mango
20.49622301106035,18.317264605037288,27.093212678157926,35.69442305352056,47.100473372920696,5.48520912127508,99.49807304482239,mango
19.00155272865399,7.257432471088784,35.0714014880711,35.42135366780778,49.41534010378897,5.726533939745497,115.46302755843942,mango
22.060581146380308,12.35681612779677,30.153912963783593,36.504047708984565,50.77020401690558,5.052869025276733,98.07359257914031,mango
23.031330889362458,5.662183431311832,44.8418437405764,26.694571836292294,52.96068525396937,5.486938291929207,104.76648549862401,mango
23.806505774645778,11.193667843838199,35.74987507346469,25.64089561131921,45.02347473867453,5.111999682504315,110.41749278756302,mango
16.212648933591367,6.706429382068242,33.219212160718065,33.421881501906945,52.1207199224793,4.946126685245937,92.38764442116127,mango
24.40397033945544,8.909995738431526,42.066929952174476,36.225388856016636,52.725225917625444,4.922084016631425,114.65404377762601,mango
22.692505592415866,13.950844851593256,31.744040703379056,28.412611855465073,46.21889212080359,5.774392667252179,107.5578262652954,mango
18.59338990515787,12.130386015213029,32.270289147385334,33.33307874516912,54.012592077965635,4.909800655117362,101.4422642970937,mango
16.408686039508613,14.37415655611748,39.57741018977192,37.11486552376692,47.788719262609646,6.875528014663575,91.89788015462024,mango
21.030138633645883,5.85699079014995,42.875483755238896,31.887517741910703,51.69348350762796,6.578934814776131,94.50931867451906,mango
15.385915619381338,18.183217188692783,31.29866454917865,26.67672580305315,49.684612370870866,5.995765189240047,90.9291181026753,mango
17.748956582570877,5.49199811415344,33.40670778390998,36.636300377861176,54.826524114935694,6.092618883759069,94.84913081353776,mango
24.05849389999306,12.743717348000906,28.074986242058362,36.9824467028716,52.57469050723103,6.329263181807879,111.27542111383214,mango
17.003398210964423,8.16510037561289,38.7658599685451,27.85639575143516,49.38671696803049,6.455004563984853,113.51857554293522,mango
19.532617725258596,16.88284907412868,41.77243592396114,33.51208476669538,47.284258523084205,5.185029450963869,99.44523466226207,mango
16.16804107733952,9.097394305549177,29.190384486250643,30.919273747511827,54.08437547872265,4.761200791884895,111.60803771842187,mango
21.872830044131277,6.436312979950365,43.451448098116,32.390138628038656,48.637255211356845,6.3913464587382665,97.72096375204902,mango
21.935098370463205,5.5956681135837085,41.78816075218544,30.82622101127714,51.36692914357942,5.053094549516709,110.31221137975344,mango
22.722402758932766,12.09819780326598,37.354538481235885,30.932237009691182,53.940913692578455,5.744672951285798,115.25426127086456,mango
23.013520582702483,11.157572320225349,29.6016898371495,30.279067723277024,53.2621737577522,5.069081339548481,105.73309037573247,mango
23.060967479607477,10.302162126925682,37.84419274005395,28.19321046263459,46.0927944536816,6.48596056273214,92.96905870226121,mango
17.713813950795846,17.826641329961603,31.929385741573345,37.649589543684094,54.7973433477386,5.170690051133892,91.22934666749671,mango
22.05063284205379,11.764797539725155,27.015056879191526,34.19779664671456,45.31174909111921,6.6754917262306055,94.1595758733991,mango
16.27311878746725,7.635084469528768,44.20532716984133,34.0112016833,53.01371535463637,5.494087464331883,100.08938182514866,mango
17.3448400678317,12.209720424686134,36.03657467068337,33.21307296748582,47.57118503998694,6.871635202257476,95.09275494621407,mango
24.656531747664125,5.222841837612557,34.622513836336914,29.333781895515315,49.491234139302506,5.9266614474519725,103.06767474038128,mango
19.14846850301595,15.990851231199597,38.71752550172929,35.83252666646602,47.49958981239496,6.023821274385159,107.55584356178562,mango
18.697378108726888,12.290863128540213,31.275642866114573,26.843977169020807,47.13801210662733,4.763784116003003,110.49208725570372,mango
21.607273931091516,19.25909557369809,39.59356827294482,25.67659590382971,53.842451739289544,6.656687907364315,103.29960962318096,mango
20.858630505279216,19.641174987087783,35.64608727696333,36.769183768889164,45.83038757810186,4.977629671771707,103.22264830323954,mango
20.847568083373048,17.243417777942003,44.76524230286374,30.055069454163515,45.47415636140085,6.502928758238312,108.13142157248424,mango
16.985428588682016,12.422426849321303,39.84620491067449,35.01535323189237,49.99618411998762,5.2630363253221475,119.2122774611548,mango
21.63362610956493,11.12356279019448,30.609264484093046,34.50433877904631,47.42183445593768,4.929274972434221,105.89501666886211,mango
17.89987392644142,14.433577173854225,27.35877349748467,33.51423435937518,47.832965279977024,4.500607336086282,93.8080817302253,mango
24.33615377835094,18.01031958673037,29.672180640724736,35.118834759091385,51.08571593173974,6.927261778624674,101.20816978602177,mango
21.814606125171714,5.9530358363587785,32.92494693632812,37.529629595446345,50.38980874450121,5.2196987583371115,93.60812889385821,mango
22.035283401815306,14.672840651445902,32.47877427207549,37.36223757425584,45.2220281298785,5.2593096290795645,117.63208458898744,mango
18.209354383194402,8.783792507827556,35.68440819862495,35.70942274896699,46.03146760878361,6.857551774114341,113.85218643543492,mango
16.81250255551552,15.68011941797244,32.699174452751144,30.22983081499214,52.83290092438867,6.9069620199518305,93.79967618541582,mango
19.206302368788194,12.214124121264554,32.52623633909995,29.721458608310925,45.522686675615965,6.213846551406558,103.08643251360137,mango
16.947938026439267,17.240502534531025,41.05121496303256,31.32309116515562,47.984506611477606,6.095231814491131,98.64456407332209,mango
17.36007930323712,15.9577198103949,25.806504794419013,26.231990123449723,45.0678817402359,4.882357966188565,92.06970026131378,mango
24.958023677799186,9.332149549311344,27.985360253384947,28.132951353946932,54.36125571540135,5.800400557560989,100.9445428892357,mango
23.733914579092193,10.924854058235487,31.700171399153916,27.694672793146562,48.777968239094115,5.2917108900423155,110.31911877894423,mango
17.89582704670727,13.657996196338422,26.317843300639453,27.486759037054686,49.074052716113485,6.842373134771739,101.31755957147087,mango
21.64074121199834,8.826308336320972,27.540671519464635,25.76097580104065,48.05413498542751,4.89415256699227,95.22031344048372,mango
22.6075930838695,5.237571064173113,36.15620251470869,29.932997947715045,50.065499999085475,5.907075593036508,99.40103083371835,mango
17.95108860184285,16.001027740023588,42.42553976242314,27.50356122196086,45.97618760535149,6.744489515980065,100.49686390942196,mango
20.51317390662814,10.393147167800052,27.516046726921026,32.66131138432046,50.2514085176963,5.007483897977993,103.55607133956833,mango
22.96947504015646,13.85639154661837,26.938346541339897,32.12427946397875,52.027382992895866,6.481758514451879,108.873527359028,mango
16.526581645407838,15.65259899885241,38.54683692163033,25.317549478228234,49.11747667590243,5.332375617405933,110.0823619276093,mango
17.161358123109206,13.863078844613877,43.26411923628345,35.3714308387119,54.2145773621653,6.946264917331725,90.32010381018489,mango
21.227412763774776,11.192590966383596,42.19708980670244,28.273591126118713,54.81029489115076,6.034269923859368,113.80612206686493,mango
15.855995528227684,7.751868271382976,40.16807346068406,25.285824786511206,53.168779858937825,4.534872546729779,109.7135651718382,mango
18.650939202318057,14.172422790787987,38.92062813978227,29.452177849421954,46.079624481108354,4.674114669370664,107.66808067687643,mango
20.206553537341115,16.133015136816987,35.194710200078745,30.49179527040143,48.98087178236231,4.566117256494168,100.06671605089971,mango
24.760201575244942,18.10333364340633,31.587561340684353,32.64134026586284,53.47296745535494,5.603185841875172,90.53873591250454,mango
15.745104618186401,12.6558908202306,44.38878751351757,34.01172404884528,45.709161914385696,4.973402189479657,113.1396942965055,mango
23.41439759956245,14.265418792828862,37.888463392596336,25.368386854984,53.28530259581508,6.470688020427074,97.77105432310042,mango
22.08676719965507,8.222819096374971,25.806603221030258,27.614775053674904,46.78628876754299,5.344369991837118,102.55348491526374,mango
20.08538891497708,12.151308132624923,30.413492119305786,25.379218691462967,51.05101622237151,5.489362074618386,98.96016472162648,mango
23.669410428305124,16.201149616972398,42.15531096744884,31.434776331261993,46.30931252126778,6.240553590303181,96.18221339811525,mango
19.412296690917167,5.975011834233327,41.50616804845965,26.637228333617507,54.0309750704931,6.660576505653893,103.93748293317738,mango
22.443682043039907,14.291676107272298,41.061512846754894,30.613466310216857,52.8580848424435,5.65614204266287,118.22897363528381,mango
19.863721008251474,11.939289079005942,40.701437231270255,35.68050999289089,50.54489114321171,4.949494533737688,104.03274692872739,mango
24.680725029096784,16.294792895587776,41.22325207758264,25.426731484650123,49.6785946263416,6.116552834143889,114.90098050884224,mango
15.492736535827715,17.786583284628094,35.96801873483823,27.56508161748878,48.172552164497,5.2048238793789015,105.92577102865428,mango
15.516856799111318,7.378042377498852,41.25386086751565,26.723851879708544,47.33396269458127,5.633426514010393,105.51362664339992,mango
22.636104796141588,11.709986399992816,40.797292420710775,33.03850199159095,46.13099739423822,4.8908285959820965,103.11101176349312,mango
18.968893930890395,16.153164044559418,36.61474279594704,30.045730053029242,46.70760283450386,5.0670927558137375,107.26503055407177,mango
19.234388048997925,12.723912632910082,28.413548706044672,33.617781280479356,53.525387408559666,5.144848766967251,104.7454267749548,mango
24.75527329020902,9.998626108260915,36.90092689847522,26.172544102603176,51.06015002479443,4.724079433261545,118.77706305971466,mango
22.156626520723115,16.822396822035596,39.082087215432736,32.66647746899405,49.49912781085506,6.645933449402656,118.70507002629189,mango
19.990361729040814,18.973025737328932,36.66665819977035,13.383841868964332,84.36275826137499,5.81393164229518,60.07439321636119,grapes
17.41506226856061,12.645847574053477,32.59919904519505,12.484852280026338,91.7290750738967,6.025408556003992,69.04365878720216,grapes
16.335155513528196,5.7193659865548145,40.50819029184989,13.706831750719786,88.64986728461453,5.724794198329827,71.43657542365382,grapes
17.536424743413754,8.420927253500299,25.230520281059704,9.303407235690718,82.32975356099574,5.675318140886408,79.71716880821876,grapes
18.086326485239507,6.954859200534923,28.981646256559156,13.877032283414765,78.89660933410704,6.793651195211735,79.22999358474294,grapes
17.46747420667381,11.75142902886289,25.442689020589942,14.407102247272215,83.79496481273624,5.905087699152333,64.13674221233217,grapes
21.540230776587606,11.243255465484717,28.59318578059824,14.89109081486824,85.91101196251371,6.788008082394244,62.34951797752986,grapes
22.85666601944456,15.102751802258885,27.300218736561956,14.948207298717207,84.18166204431762,6.9174771783337645,62.83222701235799,grapes
21.42833390815738,10.72970068194419,44.136293411817554,11.299748952902764,91.4706027328852,6.852228776651124,65.40766470621313,grapes
23.035417768264278,19.934063027052588,30.053260043425645,12.367771693233196,85.28253031193464,5.942396703705796,60.30529679292059,grapes
17.201292441975266,9.229053265126376,33.871994026363744,9.711024784134018,90.22556099368342,6.557366699097004,61.70400955119324,grapes
21.500924511399315,14.804847146084306,44.12442347287255,8.030208713561613,81.4710542972813,6.891687219062973,78.64267830796567,grapes
22.205864193706375,16.4864498157131,26.829659158592943,13.138758347782336,81.24216187804599,5.771827065420426,76.20606598246665,grapes
16.350381366805475,12.029774554945778,43.771564791720664,9.858320555653425,91.69190793233528,6.991431978641589,71.11234309364806,grapes
16.70142740177158,9.741573319113435,33.4898566535307,11.093242243582228,81.92889811827122,6.958344563824536,63.067296548314914,grapes
22.333279087168624,5.006154341587623,36.92365338804754,17.159430039540524,82.03107731730506,5.778288962886579,73.03359589756855,grapes
22.12601407298393,15.32045778427972,31.38633760042748,10.522024021593309,91.38286319946862,6.884949262404894,69.14633219785641,grapes
23.461938661543734,11.78485216451444,33.487780361450206,9.567629475992947,83.96968479088761,6.30612540789971,60.45008654857373,grapes
19.441130051754065,16.720343275928006,38.60092112748539,14.35156988863935,90.73377599812083,5.527048014737845,71.14095172384468,grapes
22.87348848409707,13.12003074051901,31.477911051607585,9.362505650919779,90.42588300542668,6.206143588581405,77.56230393971403,grapes
20.85852122433168,15.112881749225012,41.085223087569005,14.591555446001344,83.57276776950513,6.270450075892977,76.0609104935176,grapes
18.73650296372984,10.821821851527456,26.913802321160023,17.145844352217477,79.27450840923619,6.472313766172833,68.26388957605596,grapes
19.056193902554423,15.19327754859026,26.341874652597575,13.937057829514346,88.80844500361297,6.742319136829892,63.410607787875506,grapes
23.974190500781738,14.842191377711632,42.63709601641366,12.852807171101983,85.58846683136083,6.878557415543007,77.99819086709343,grapes
19.48160873369002,9.116189474535226,32.86340869128529,11.877643285297498,82.01613624975911,5.90286940649945,77.22125872959438,grapes
15.698619206846617,15.164167731493912,28.456401029129047,11.445058933940633,78.86160247788771,5.904960455283193,75.36842142234484,grapes
23.850153245472587,8.322907278535506,34.27095678517844,12.703240479372063,90.23005428063628,6.644198579313708,70.261544367361,grapes
21.707472004717733,17.710325808640505,25.1907790805109,12.028900310500486,90.7014043418791,6.610469546265927,70.8568274866815,grapes
20.296445270351334,10.216551464066566,35.41041067283029,14.553831994634532,83.8570825380031,6.571229719588261,77.22464454520772,grapes
16.546848481848613,11.773205342261367,33.160401825701626,14.87464804049728,81.49814451361101,6.4603763724284144,77.54978483462976,grapes
19.181315997936228,18.6652354996883,44.86327477866957,9.06092049947952,81.26274463178802,6.9255696272231395,79.16655372962774,grapes
15.977072753867585,5.22497750565705,28.222000465128446,17.960127833822483,80.51999463254961,6.2538214100830345,76.96835452861022,grapes
15.204016106882063,14.067334733876892,30.540508977392484,16.623349164397318,81.96845608969711,6.530133580422863,73.48439264894793,grapes
17.2149354885964,5.521987998025252,33.184991475707946,10.891931519658698,89.32568849459192,6.7005462826830176,69.14047904385251,grapes
21.06512225323219,14.063892739803878,41.543162968552465,12.250024141231975,81.85625351706713,5.897552377210821,70.72384558564409,grapes
19.491482027322125,11.601811564774042,26.822746781794145,15.186037406901956,80.99231363174675,5.795430445313082,68.25516640554787,grapes
17.277783416178014,13.757874009620231,32.42926678668943,12.4891172259279,85.5203705024564,5.805303283722707,63.1150324573106,grapes
23.80421902873605,11.505855542471316,33.24187219265078,8.356121502728415,84.97166823622351,6.3312545824165,71.17681741909333,grapes
22.070311693228845,7.662227524865177,30.044462684612377,16.107304652304126,91.26038863580752,5.703899121050981,69.95299109010436,grapes
17.14176252739587,5.901097525324737,31.510066762522708,9.436876251842127,87.93906302807945,6.300588120507166,62.87668941980622,grapes
15.092415884055143,17.12235573536319,28.52388812328495,14.06216642220766,82.71690678307444,6.378228907472553,66.31307253964648,grapes
15.869395606922541,8.344250128366305,28.76117132958151,12.280193524396438,87.2159729679662,5.895709112419536,60.24139870601236,grapes
20.189373642647567,14.086392340384581,44.25740988003619,13.894708030932469,84.59641583129398,6.360102438846556,78.55801259724055,grapes
23.283781456016463,9.84468100045712,29.745087273142744,10.626336123660735,85.06189455601299,6.616074176842867,70.06438414365924,grapes
15.677963958281126,15.853710506599713,41.11940257341908,10.894978651197196,87.29776034996691,6.13988785158159,77.78238711454885,grapes
23.452255581607396,12.881479974644634,38.83011091627189,16.833497010221038,84.94003814109585,5.9698761107332325,75.07332275819162,grapes
17.200662547846918,10.827967220090631,42.31454474213587,15.244223402693152,83.65335407346498,5.822116753612536,67.11936781664473,grapes
17.84104149227433,7.641339319157809,39.866658271313135,10.520698868501714,84.35834458234869,6.078789170254163,79.64154757271262,grapes
18.910922441482207,6.199737241951322,26.79651505144168,13.907537213530649,86.39108972433571,6.128138485723983,68.63687384624059,grapes
15.539325828408712,12.748197655838933,35.09478950760703,9.495493185569446,79.45375140555299,5.685358735899236,62.02056492982517,grapes
21.0970819553676,7.947239786043779,30.02860304374927,9.735721441514396,91.40969426227905,6.781926194727753,64.60989674703042,grapes
18.27566293922126,8.148392634574957,34.83751918921648,8.196105324742536,87.39915212455514,6.284737224726462,77.97277856602207,grapes
16.64392684328414,17.061638690916975,40.839220289334314,9.27181189216887,83.57982913801779,5.755228961716775,65.09441000915098,grapes
17.632461748305445,13.343545910386592,33.22821863520931,17.477328040063053,79.76918198725807,6.960538202275298,64.61277280428529,grapes
22.72873936381853,10.08454889259232,27.86162790834628,16.578891852462398,82.32405258931048,6.488283106340264,71.32887370173253,grapes
19.717563093908744,12.437292089728086,39.64475828184575,8.877729141234406,87.35452926741067,6.843718152097868,61.155763940397286,grapes
16.406533392336666,15.749479050530471,33.74563296489235,12.035486208136884,79.9175328836193,6.2601550610766825,62.530906223927545,grapes
19.766204563105404,16.45422948442485,30.165287157743272,12.807861681797274,91.8882235715557,6.529975635031056,76.82713542610398,grapes
19.148476065605458,16.51791384688783,25.810183458826437,9.22911182542245,80.84298830088088,6.10292788692283,76.91489756651526,grapes
18.462660507879306,14.819317902731942,39.18628589606967,13.861823540883414,83.0013875543819,6.365580012570316,66.84531185579492,grapes
15.83873738552012,19.892059672790218,27.54364907265022,8.723483838360574,90.29943048890019,5.952751991339342,73.00593948147015,grapes
18.29005729662233,10.871814061917068,30.24225944033593,11.430440057930102,83.7498056082116,6.580624103638515,70.23072388469583,grapes
24.43565217156977,5.628205907581632,35.06136645264056,13.842247888317182,90.88275780503983,5.573737785432141,71.46999169870432,grapes
23.53629928527957,8.628915921788549,42.52584697047875,8.190434092742919,88.25436480787222,6.89966983175298,73.14395323280124,grapes
19.39029243980448,5.67321524709077,43.402276266452574,12.702962226915748,78.40595442070327,6.534731606993143,69.63674507152517,grapes
16.243453174424108,8.214077139653893,26.289813609116926,13.742935397085736,86.70841270952813,6.2586134475331665,76.3420426600523,grapes
23.610088213080136,14.2343659502469,25.25512959414861,14.952296557477357,83.85198903688492,6.3483362248395805,72.98161204037768,grapes
18.502366143270766,18.756477577576916,27.679497334995624,14.715118072810373,78.06103411939213,6.886976658107772,62.25008266476183,grapes
15.948842301475747,9.995114495783664,32.471325720781614,10.143000723228786,86.19170325297975,6.164371147062946,60.683511780821746,grapes
18.196520622553006,17.156493703597558,38.794030697237375,15.248708535798805,87.77363693716933,5.96645953207455,61.993278441535516,grapes
17.72467184033096,17.47677950277739,44.60941595566142,12.938470147415615,78.13580496892259,5.710067218201344,66.44161150632532,grapes
20.785853485929497,6.1264046870797095,43.86714597419763,11.650836732844008,90.77617905094752,6.670782704135533,75.10874545031163,grapes
21.067195797822322,14.40175725577767,37.76006470432496,14.28721387025582,85.75219523957706,6.979621027724333,74.64581134851392,grapes
22.769463883925212,18.08694222625511,29.312795254516985,8.838041590950608,84.76052211238039,6.271121043428909,76.58363559899836,grapes
19.437835792823357,13.56279538316469,35.54141877026917,8.382027837573911,86.6130085523568,6.742064928661378,63.150010961516074,grapes
20.94331733926596,13.904158166696215,28.283699281127173,9.23463573730736,91.72072720167078,6.090578754479556,64.54843457447059,grapes
16.713245444543748,15.014025703748526,37.188905946545574,14.435521229874174,79.23208438516033,6.840301875247656,67.78532793618096,grapes
18.13369406430358,11.935421708716088,32.80132131495257,16.63577003139146,91.00965365277048,5.955179824674409,77.2787161491991,grapes
22.81523129533067,18.962115085171426,29.915006243717755,13.769591501209792,81.84362418636623,6.736141735726561,60.106483811421285,grapes
20.648191628863962,10.08805146907877,31.453674141556405,14.44906323864917,89.92078229039592,6.4137930870899895,77.06345957293445,grapes
17.6459711188103,12.792527821474717,34.01073078134152,8.116448995030963,85.79537000397036,6.492286486219262,71.8382880883814,grapes
22.362798987834214,13.570092926796157,26.335005097015138,9.164455240847115,86.35064408561533,5.91246878796046,61.592902580695316,grapes
19.296027434485467,13.314838971254831,31.57491976699213,15.204337022257779,87.01278851341742,5.999227541637508,75.09745057817122,grapes
21.486950425330356,14.56168068076853,36.06855401574136,8.113896680885528,87.75110056867645,6.064062686663735,78.85219420317311,grapes
23.17984771077205,13.815417042969683,30.04363963638539,10.037173932776666,82.76538772748569,6.214851915370028,65.92131020077895,grapes
20.14929495392483,7.480556382697789,44.55425625651,9.079245549649938,91.04721795516122,6.8703670171040425,70.50720963638996,grapes
22.249102718360845,11.540724469588817,37.600691550848765,11.405759374211186,82.21622627699624,6.367344679254271,69.96259348367961,grapes
20.79536369149981,9.299908719305344,32.33915663633991,8.838979606289094,78.73186921181087,5.8801856945095246,61.484937186610914,grapes
16.03774708634741,17.19392608090906,25.777473940333785,14.589427939347427,81.81580848341561,6.807318521062189,69.69984569155,grapes
18.05576459327826,12.764584035341517,32.63916038090538,13.643010646698302,79.60346015656887,6.9954857542188265,68.51111755393435,grapes
18.482306397073685,15.653147724743974,32.277988129906646,16.332743050287576,84.35979014104595,6.579337619898152,62.14906432883773,grapes
23.461191855551117,16.03576980167165,29.234335569239313,9.452860097457867,82.42809288215874,6.964105879047857,65.13663149134118,grapes
19.561272089466332,5.450303385760044,32.94455059132465,13.713200154331027,91.34374457511151,6.275104067410097,76.38214652355376,grapes
20.471276425689005,5.6117752015327715,31.30016550379548,13.755495078311032,91.30831552303574,6.7886955396268505,64.56711228357695,grapes
17.201098300191635,8.017594506708512,43.44997792605007,16.526661531017204,88.84836805154129,6.089102671336342,70.08761408597533,grapes
19.643317447951528,8.80097161339059,35.10056092297534,8.304965478527544,79.84534522896443,6.829884394253419,75.03359534062847,grapes
19.22868409059087,12.757255434258159,32.39997771919955,15.407798671606724,88.97862050924911,6.644927785304739,74.45223449668899,grapes
17.045043386927958,10.069549688607182,34.3969086996735,11.307929914276556,88.56916280221661,5.994030286374932,62.764641735706746,grapes
18.99040452048304,19.698716491735706,29.517628258671518,14.12158658943229,84.0616226977559,5.60653685147399,69.75753211996118,grapes
22.021643286483126,12.698299637417282,42.44212127493162,10.889370166575826,79.2074883982555,6.90484841748701,67.56392699056438,grapes
113.05622205814534,17.29604063969255,48.107841596889514,31.877809919953723,82.03128274726743,6.08258749441101,42.8942127227304,watermelon
122.4492223360543,9.89444005794821,57.935088885130256,34.37628236970218,87.91658313603315,6.580058384521376,49.22067136195624,watermelon
103.0356057357457,13.183515402023922,55.07018830666898,34.845907293877254,94.06646838977336,7.2243059165862435,57.78261071409717,watermelon
108.71396733168172,15.546776253307042,62.376668073405355,28.322458414904883,94.42643717518203,6.331572124138366,52.02165330786431,watermelon
118.39218853089488,19.3576961699872,46.11540685130665,32.20744076062506,87.81223379216124,6.037114281241282,55.53213679592781,watermelon
112.08889120695386,15.592659668445785,48.07252671444753,29.294013470103657,89.260313764821,6.309821628539688,43.967450796954026,watermelon
128.46561969261217,13.649078020554025,58.348009257192516,28.52151912911664,85.32697646038575,6.31432859693425,48.183932875713,watermelon
111.76720463767815,14.065108309757722,52.42884539707179,25.48264363409182,87.44113217750797,5.838207800841303,42.522715725915305,watermelon
127.3058286936467,14.864350170920154,56.48725145311461,28.419730373667,93.63471337872296,6.775860979159331,55.38339739047175,watermelon
104.74249876110855,19.480154450648634,60.511532253957874,33.39343309315998,82.58291401138631,6.041926415742439,45.71253199367154,watermelon
100.83636892987485,18.120306107355745,40.7971198802148,24.837099878788518,84.10872305944855,5.899745949298888,44.637192277656965,watermelon
121.917727570132,14.320645720596609,40.1442665323242,28.722550422746146,86.11827390275539,5.727890538889087,53.52283577202914,watermelon
118.08388753517964,16.371611847677272,58.2117736389648,24.000581096255264,94.30881205770083,7.128417534109326,58.07963393178571,watermelon
90.62573181229736,19.14016434521461,60.244713217202616,33.209410572545686,81.39931077082953,6.977556057837195,59.19833379284182,watermelon
117.14189365672642,14.417298260119885,63.640741943724926,28.872308339078796,88.98940349465718,6.452676586988733,58.65692442720598,watermelon
93.0433890706203,13.514556110729526,57.17381103463596,32.7109719226446,88.74527971166205,7.317835488242908,58.83982893767744,watermelon
92.57276892774334,12.230817014037868,40.58647554302886,27.62358323111887,88.05302326955903,7.3215898610198975,56.931086449308054,watermelon
95.09998906687943,8.209394871631645,54.73168346891668,29.85329769704661,83.99566462145036,7.298906169107671,58.54732818923107,watermelon
106.1044575336065,18.57393324247576,49.598722356574314,32.1049851501267,87.13913326321587,5.745166313014366,58.55868402474043,watermelon
108.16386373510147,16.548331524191248,49.17934536078231,24.20768966433858,81.50795538037754,6.492438958979848,53.79928714252725,watermelon
103.38941306317116,16.041349969309454,57.465889735798896,31.743294980606137,87.38782781030763,7.3297723002430075,49.78393035961231,watermelon
108.01060773986552,9.591950647138152,47.691377183908415,24.465679417701338,89.50302940424255,5.9970714878541855,46.0831050897093,watermelon
120.83258086657284,11.2538753810989,46.054897300328555,25.859635240470762,91.62287603272934,5.7594125159800535,49.07507520500707,watermelon
110.27720464308777,15.93606886491429,55.83208705832489,32.91792740239693,80.67127150889357,6.092881449558794,45.6026823755076,watermelon
95.84067622368433,10.75931730013376,47.74413285357259,29.74072908120226,89.95556718389383,6.262201027223628,54.38940462626762,watermelon
103.4466135431832,10.773687805091885,53.52970139642561,24.260879963363696,81.19683685451001,6.335939087173054,58.85825422783513,watermelon
118.86047119373694,8.14564540350725,61.157950319521845,32.05530847668999,89.16419788553979,7.140585921218355,48.08219695485914,watermelon
98.8600420341541,13.656304058413872,53.72104388983685,29.92159009210903,88.47610687220158,7.397409836478362,58.044912461924625,watermelon
125.02868146235758,17.41841854181215,63.585702681632135,25.083441058473436,83.9768489216861,6.490111891309169,56.9306898624681,watermelon
110.2066284609093,16.724451611440653,43.47399763122291,26.776551942742163,90.97664142556509,5.829468017775448,47.02711869309854,watermelon
100.59465031254285,11.54820202489222,57.70810122694925,28.04631899257081,88.3289498391191,5.6998637541088195,56.10035386469256,watermelon
104.795545025925,15.430944067433451,58.13474004154581,26.306270143228705,93.27012477430026,6.732448503213906,48.574502835029634,watermelon
97.29340734312878,19.249912192715687,58.87670510329063,26.288270190065738,85.06566162086337,7.119348516176147,53.91355326430678,watermelon
120.63137170862898,12.735614328768122,57.91190656605417,28.25143095150305,83.16894375407294,6.76535406968272,59.52027851197589,watermelon
102.42403885581318,12.992604698763015,56.85003427674634,29.956569103347366,92.65141693563574,7.023485412939031,41.16594407724714,watermelon
129.93684935695097,16.781231898353074,61.59758290735283,31.16317483304881,92.84427692070143,5.724765949857419,46.95475671118631,watermelon
125.05683774417972,9.6215177464696,41.956052464500566,32.66930833939741,92.53229233464944,5.825304436379801,57.08691965565431,watermelon
117.47071182388679,13.761074881815592,60.756254819534625,28.611741742508624,82.90990934335096,6.069705353221227,50.1032803658663,watermelon
111.25323170692702,17.472550743736036,59.78381809130836,30.395032129250325,91.71178225048214,5.883546916587342,41.001290541865885,watermelon
124.945352905388,7.982208418916004,46.16721074359993,31.64850844586823,86.14171906440964,7.252627939831018,45.95959589324539,watermelon
90.47485386677437,10.908523327289673,54.451876229620794,28.135322129436226,88.02309133638133,7.253196237670037,58.249701084607366,watermelon
100.63896258616448,13.00782615250871,53.72860038103628,34.44023702577072,94.97925978746576,5.970814497683053,54.53959742691631,watermelon
105.12124248932781,7.105406559520772,40.231313060897556,29.066226083184812,87.32502369506501,5.5451393931468855,53.73854833548605,watermelon
101.76013554379813,14.278610319967342,47.52297682913547,25.83847746356238,86.10760607898312,5.964546729581001,50.69601953838336,watermelon
97.9531412114592,13.60927769638015,43.93446287172169,31.380721804343636,91.30906526662136,5.720788468499867,49.35604824074679,watermelon
92.83486802619494,14.776371792046032,46.61010744824114,29.803869025225787,87.76191514076437,7.348708692387601,50.981664451374456,watermelon
113.31993918873263,12.221490634936943,63.72699007957042,32.54904500383571,84.28107935454263,7.188419171552464,48.6479272037018,watermelon
123.14668574134376,17.697544887815525,44.72175466907136,31.712552445219345,84.35964453959797,6.094985339985336,45.92696153761162,watermelon
119.02272990239793,9.987738543302969,40.02264588115226,31.867605388308963,82.56777115752688,5.708964790615669,44.7503224118812,watermelon
105.19602089290817,13.18678225715161,41.11425101781577,34.67630665890096,90.74094580129338,6.146388130648672,46.37394514570795,watermelon
107.94170197473838,15.141182695919428,43.65932666472419,26.078227951414476,92.89151874250327,6.012509847778145,47.60389995950355,watermelon
124.85087403800469,15.620921782197692,48.54279698354221,31.52069500297083,80.2952482307212,6.97128532002273,49.74032081032479,watermelon
122.52728589137845,19.41028947608409,63.144713737364214,34.00191547800875,87.6825493390083,6.220284228277876,49.30070649461346,watermelon
117.59584013253443,18.491971099325426,45.17465757500299,34.10012474307874,92.22770347954834,7.457712030356469,57.60503546563375,watermelon
101.19749318767626,8.37742684747262,42.80602679978971,27.203456504361036,89.2127558597681,7.108640652194345,57.985006139631295,watermelon
114.9501353747693,7.073207065724699,44.65791941296334,25.09698824238705,85.44986713353515,6.502701987267492,40.86794357157122,watermelon
103.93911903182621,9.329335770129195,56.176754156471844,29.106996062567738,87.42976470400863,6.355383576066922,59.120394209731344,watermelon
98.58940500486253,13.716635377970366,58.400434209133394,30.12528854448019,93.93531328575202,6.255936711282568,49.273516115463565,watermelon
93.54089260858913,14.91698844367507,47.20529921120265,25.763399434671257,88.16796939356762,6.564620526759821,41.51743282448095,watermelon
117.9286181397789,15.109038478461088,44.72543206866243,29.16378348369448,90.8048437471784,6.558871481082553,47.909781523671406,watermelon
102.89353832323775,14.935120266372696,63.477717457756015,31.38919324525232,81.12118855454473,6.421369946964267,57.81648263021255,watermelon
93.77849703204348,19.855384257788064,63.72673484113553,24.861019288028636,94.00119980674333,6.226265180518924,56.89418334151725,watermelon
106.73533350853086,12.731116465132708,55.85607727443856,32.519251612035816,80.50683726422373,6.686311991054269,43.73465988194742,watermelon
103.83798071452811,11.523592660017815,51.72650850552884,27.67550053063791,81.61041677676002,5.791257477050903,40.66875971122195,watermelon
108.80996341315017,19.40782003308885,42.89188059120291,34.408909423033904,91.0004227209814,6.774997605868326,52.905555106471255,watermelon
123.06910593585128,8.389958236937678,52.61885808913854,31.66800252086834,88.80230667610346,7.1655581420465895,41.44543418022703,watermelon
117.62804157996663,13.942360495001331,49.47902159949859,27.74302480457434,89.3124894916129,7.281990749288529,49.923518522022306,watermelon
122.9889265630768,12.228032963971579,42.559861569829415,24.676563101045023,80.77001556985516,6.26030028391534,46.74475501671684,watermelon
118.71748094490277,16.656679520603255,41.2713492208435,26.432355891779164,84.11392775238349,6.595223968285619,42.89030447813901,watermelon
95.35764877600002,19.269255559703453,60.10507268244453,25.987203923002873,86.09851711858236,6.2112439985151315,55.820081481308144,watermelon
110.40851665912488,8.66204658091507,58.474801578906096,28.365767760474107,83.9438637144822,6.25099724404144,49.955131272137926,watermelon
103.72462065668037,10.144775043692851,49.96255072009951,24.21090201824888,91.58746769144472,5.841889787135171,40.87809227261275,watermelon
116.14794771620316,17.06116967470774,60.34572828982108,29.4286010092666,83.08052277034977,6.9744553544996535,53.99426154308674,watermelon
99.85082936412692,18.74430082621631,42.60928645207073,34.809570635504585,92.90371716466197,6.87579729095815,58.77499776559666,watermelon
118.89244673294832,9.475940961390597,51.05390345282029,24.78653326764799,85.84486133432173,6.9832060394744175,47.72886701861635,watermelon
103.21176701872537,14.739624392634054,61.805113224972374,24.523415118007236,85.78205652049603,5.816481483630525,53.90708501463739,watermelon
94.22898241724539,15.64250086154318,47.154521769947685,26.18808495110947,94.04528836737478,5.537049153491912,48.75554543779138,watermelon
90.86507969847175,13.286709625356277,52.526184444860455,27.538287185342217,81.98242666287535,6.252775075468951,53.445258798651324,watermelon
121.29583234577836,13.89975783104585,54.74585986099389,26.20678008237118,84.30995499841474,5.823791220104717,44.985907000092226,watermelon
98.99547120902128,13.752834223086088,54.06721889476823,34.39442162903655,82.93355970652284,6.783351420322992,56.34518537975046,watermelon
112.4096585513221,10.315047482513984,46.56375575050001,24.431783583780998,84.58166339822722,6.989207358006761,40.95035514414221,watermelon
98.77181130019322,16.181022480913164,59.56628907057191,29.00850251068121,90.47111507717973,6.275904337309784,43.19826490048255,watermelon
105.92597974091626,14.539581662640856,63.70133204632226,24.756260472975452,87.61091140767441,6.1578395564214485,50.16623388553389,watermelon
90.95901789506127,11.069329611120558,60.496703688175124,30.093359072401014,86.75873739224176,6.071050143430679,45.96085045582712,watermelon
105.32405734362338,17.862419229539285,64.1803301702067,28.825209194854118,85.90029258121643,7.193101551639725,48.53810641272607,watermelon
112.08072689182605,10.002241639783678,58.58756339447688,29.8518715009786,92.13551825360513,7.06146546005734,44.30009536540057,watermelon
118.62542202231049,17.400707303367827,48.65268101955988,25.89870024192502,80.03948233369383,6.401807306186297,47.04865463077683,watermelon
112.19639335301636,9.444534203654214,61.491638691661876,26.835307371909206,83.39644407631475,6.4614281129687114,49.977020474885485,watermelon
98.60340915140371,10.534189447436905,44.242630978881124,31.903061961554833,91.55133546881123,6.424656994918565,54.28174045370035,watermelon
119.43741567749782,8.797581859811512,64.15445062086341,33.03135141806074,83.06725191793736,5.87233007149214,42.513222911591654,watermelon
95.53514250167673,16.72610338737305,51.74135642379059,32.61227590013854,91.19382341525308,6.709225427010443,53.72733213157359,watermelon
90.73422897516568,11.053109408465286,55.94555448148525,24.102794488348685,80.4946541552389,7.203775964940767,53.680497233841436,watermelon
100.61478932481376,15.943516921543218,59.81141672848158,27.374737114211115,80.5405606624878,7.365558249375469,46.90359676591261,watermelon
94.25927053138825,13.394139328110917,59.211694891603344,26.43812046079315,84.04235075200044,5.985429973597166,59.83346105663357,watermelon
97.8961493492217,14.481762820559613,63.13161604142411,25.61586225765557,94.5628129680155,7.39495446879125,57.691439741165254,watermelon
98.5822608532001,15.242715728142784,59.022286824031,34.84630721016073,82.70635733122056,7.032051799038593,46.77602339854226,watermelon
97.0250586227201,12.477900235780115,59.84589780371541,29.113347840744574,88.06284650304573,7.490318820400242,47.98218599114852,watermelon
114.61603018836959,11.748174620999833,49.81964115821762,31.65204828789949,94.06830464142325,6.584717900984643,55.367998578975595,watermelon
93.56826235267856,9.74505448661505,52.55329102298831,24.220128959916522,83.79282468143838,6.5348025796499325,40.29922396512602,watermelon
100.58185144904166,13.682400653186303,54.32873119953114,34.183268623608356,89.68018434875911,6.329471605059988,58.60702354266135,watermelon
121.39531933551177,9.60011597446572,43.27105903372049,34.758116357427326,93.03894849019285,7.184510420689134,31.082075751180298,muskmelon
115.00846135430061,19.8229682311756,53.339743252760215,29.131057565017198,95.4544620833439,6.377780043518563,31.659532222158774,muskmelon
128.28428384000205,16.058341681536437,54.90075402374503,32.603861756750405,91.27968879395863,6.529507126457754,29.545590585643858,muskmelon
120.05092467750984,15.820721903297386,44.96025252983907,32.93987180143491,95.12476064964757,6.713556117283584,28.04934919603241,muskmelon
120.84544192683289,15.596448981446189,50.23362302205982,36.954127111942185,89.46310361797131,7.493274672885487,21.782788677143557,muskmelon
90.59799884416955,18.57024571493394,46.1238377091489,35.29699627446721,95.29913837438862,7.288479586548175,34.8739135349625,muskmelon
101.76158840159997,16.23316344505437,42.884996457020705,32.06809291356849,95.63174523981331,6.551487069088663,28.86643070803421,muskmelon
110.15093774898537,15.397369904456585,64.32235973469237,28.55735526501402,93.16565365751467,7.294543168875427,27.220740676226413,muskmelon
93.14108743766292,14.287011581418021,48.30184727059551,29.54941785337936,95.64131061955126,6.782399269486683,33.999146185686,muskmelon
122.24066018412276,16.008633319057676,40.1256375841328,32.2782345663825,89.7773765348683,7.3661968665733015,22.618759770145402,muskmelon
101.44240206637141,13.71887798054849,46.58409047495198,30.098646772791213,93.39189392592478,6.133394284132536,20.87251638081387,muskmelon
104.88981180744285,16.36863790860221,53.8701689568487,32.22876468466779,93.09176407802124,6.54817722697991,34.0421950314817,muskmelon
92.19619563643097,15.754089227387858,62.28206662069376,36.038847087352536,89.65636931339301,6.443889523470433,30.75571908060657,muskmelon
93.37082236723062,17.55420209782359,57.97267361511976,35.296066492353425,88.90217233240833,7.076640817224346,30.19727187829955,muskmelon
123.23689963287401,7.540747431334103,40.57776671169481,31.730070998785607,89.33909455464237,6.837576716355333,33.76023352260123,muskmelon
105.65918921336063,17.984354904543853,40.00602186294666,29.685146434591843,88.27381185688677,6.492220770772603,33.62284393544754,muskmelon
93.87808494395951,14.883327097669405,51.2873984779861,37.38468212365812,89.10267228283385,6.318041775753343,20.4431295291724,muskmelon
107.35740998525495,10.611827694340505,61.74764834725802,34.04940813197755,93.52681664178131,6.797866045321953,21.377755058438016,muskmelon
107.80074734901422,19.993567466210713,60.88073227115037,36.934590541671156,95.4090372332185,6.154562540146474,23.411723810971996,muskmelon
90.12486605425639,10.94563162341545,42.715185058662314,32.72793345301583,94.09414739716512,7.311757942557115,31.238257476363472,muskmelon
127.54342383114022,7.700677775119255,40.30449588541354,34.61338113836213,90.60417169200022,6.38025152415866,24.963306315406914,muskmelon
100.79184231569457,13.648673281920635,51.00371118060331,33.124285513766566,94.05442250350393,6.580695763456722,23.76961530713235,muskmelon
96.64802147234982,11.543163553924131,58.5451618811543,35.5670491011147,94.0021484801579,6.351042262960312,28.821293687820464,muskmelon
112.82758646307391,13.295460575426432,53.74947465959661,32.91790632623668,93.08910729466697,7.073258931931694,21.644422916051596,muskmelon
119.98503008596094,8.766519951658724,41.66569996025937,37.760796862214676,96.61292591983397,6.090654817410846,26.64880162212443,muskmelon
97.449797531991,13.309483662747436,60.75443107498968,37.5061177474289,93.70827388106383,6.530858500817725,29.049883484668975,muskmelon
102.48005224433801,18.827707330816786,61.760011577645926,33.58231750279661,90.92319023842325,6.440084513374467,20.501269920575893,muskmelon
122.63283404101182,12.854981769507104,48.12832321000661,32.71110354997754,95.36864191409187,6.1869213115612816,32.864839823627406,muskmelon
125.90035340433417,19.307202895440547,49.937199810565694,30.171404040376718,91.36276736620029,6.4993681443471045,22.6423086875429,muskmelon
114.29066680405953,13.196114086612177,61.64252480810009,28.321095804820583,93.79481134799613,7.144423317767342,31.392298537824605,muskmelon
125.442958683821,16.477438656783423,63.195251541192405,31.326565998208913,92.5288847507639,6.021119494924336,20.10436380954937,muskmelon
99.6050648180608,8.310493562808109,46.50528419839384,29.770432945283975,88.25668022354783,7.363956219609074,20.123346970833374,muskmelon
119.44328577348341,8.977922529953714,62.80574054999,36.92795939589886,93.88511031732331,7.008351224700908,20.08008712954533,muskmelon
129.39486264454408,18.41182384648559,62.3776556432523,34.59244537050872,91.10308235789083,7.3404729736357215,24.372753922267886,muskmelon
112.50846173368811,8.296502640470472,63.04889075331876,29.407704577712135,90.02407125157366,6.837201237192323,31.461395003194724,muskmelon
114.77405223745195,10.017740866402029,40.02357606318726,35.571505803074395,96.86686593319985,7.2148696804591355,26.90309927234923,muskmelon
126.15069045596427,12.32801975053855,53.123352106086685,32.77129767395683,92.02861485398972,7.162786153940859,27.90153360904238,muskmelon
102.66868488100864,10.356056179560218,40.943682924185836,33.83195161883046,90.0696527386093,6.222200883024574,29.807449457415167,muskmelon
117.24837031286195,16.778013599349656,52.589422408464785,36.94054605203887,96.42708478058405,7.211056409688734,29.53390223012281,muskmelon
102.14883814364755,19.778283981062877,46.85340417979846,30.02656921990431,91.97938702407924,6.085260856068583,34.67741697007686,muskmelon
113.53734225665698,14.240377191634279,56.394906997492996,32.97023647777207,88.28857165385088,6.9184669332605955,30.74260815434646,muskmelon
106.66996242496212,16.844842436925507,45.67503248346051,30.21276591066184,89.45275288918816,6.557992139683742,32.70518053083625,muskmelon
123.11648248596256,11.976714703525548,54.72796839950591,35.20816316474916,90.1708609716522,6.252211628842121,34.58143989818467,muskmelon
114.70229252838473,19.75840438383763,48.443899678305726,35.030316999741316,90.00343272887113,6.391800256910869,27.67853181904436,muskmelon
102.78472502032285,9.179080329927597,46.57201754973315,28.357483944658647,94.33981259329738,6.738174985628793,21.413645996067885,muskmelon
96.86775972513965,8.332948995464372,55.31482020689691,28.942103636124937,94.78854099731694,6.030766378980587,23.74063681993838,muskmelon
125.62666703567629,16.340907135589198,41.824208323142194,36.211261044851796,92.43731609386184,7.270174540753244,29.0110966167559,muskmelon
117.27332128131435,19.915520285144204,45.808388648100454,34.23945574761388,92.14289251051659,6.059177929384037,20.217059622542976,muskmelon
94.76914311271435,15.438192627001126,54.17907719783481,33.534295611637276,88.28671086275435,6.70395449454001,33.869342267637926,muskmelon
105.90367477242586,15.123992107249933,59.495466890578584,35.83925279141887,92.67352074155744,7.286927918103505,25.870671400456203,muskmelon
125.54772859139193,10.122953163142089,47.00541017476428,28.53120624199001,95.16023652888055,6.625582854349059,23.436749208670985,muskmelon
99.27161110466318,18.71819923598003,60.84791501152593,33.535308853571834,93.54499720374149,6.711488355825437,25.874998143182133,muskmelon
126.61907524873325,8.632965145763928,50.461169742905696,31.445619079878753,92.48335648226033,6.686447811817763,27.78334297476622,muskmelon
95.59675908907977,13.670839519672601,46.06047034718027,29.84331348988191,88.58350796907573,7.1439788381342115,26.4116288128484,muskmelon
115.06574733247034,16.45871346296166,56.98291663283884,32.70500719089682,91.49108676056557,6.563939864460996,29.600731953950845,muskmelon
109.79177419767494,18.038719223850638,61.867549608167806,29.705603780065186,89.22610286391154,6.945601389054,24.51838622093419,muskmelon
90.74282875060395,18.552354701718414,45.672519181095204,37.29280651685809,94.45691005790428,7.143980234867227,23.021922436897405,muskmelon
99.36777702467252,13.776480799712855,44.302496316246554,31.054316926830325,90.89316230153024,6.239444899879146,23.07774250092741,muskmelon
121.54207368033026,9.17354610911449,40.71143479609806,34.29354942628939,96.78384807453205,6.496820721934682,21.779835547943783,muskmelon
112.81549301470123,18.7826047442434,59.60154449571197,34.22515868412716,90.8355084694684,6.81282025991433,21.36867261956383,muskmelon
117.1578169712268,16.426248245669463,64.12579057274797,30.603973587450717,88.1661077713872,6.818412696640726,30.601857565952216,muskmelon
121.61629903531951,9.518606129322539,46.54382172592559,33.12590925267296,90.97540728973001,7.290767229881167,27.106402306080803,muskmelon
121.98314576408012,14.548056886270599,59.327253540427805,31.32672986530324,95.4827495973728,6.411858473326532,28.19148212004936,muskmelon
98.56028452695497,13.181844781140514,47.95438023771758,30.66703430637214,96.70286516225234,6.240111158230096,31.80988756186093,muskmelon
129.3665983793286,7.258719288621012,57.47568535105238,30.529118055562872,88.36439041895474,6.604334368434946,34.028267152563124,muskmelon
90.4706037746799,14.642513995087162,52.53491196488311,36.73384164371048,88.75601543068564,7.022289044829975,30.20164547649916,muskmelon
116.76320067449133,19.25034843415548,60.57718822517201,28.41972726243506,92.23974565634062,6.596929584302,24.65220831636203,muskmelon
108.0534690061639,11.994524404037707,50.80834749696663,37.792618656086425,88.79769677274622,7.383346304758095,27.2035507020654,muskmelon
114.94968981998164,17.79237856603002,49.01157572873139,32.30421908087967,91.68566632250842,6.56209653380364,33.88293982470343,muskmelon
123.15719564772048,8.416999868218689,42.7030838119274,32.27869514852991,88.88791639059528,6.928639642906679,22.155374108926008,muskmelon
110.89493055867204,7.09385931104833,47.91490871031617,34.771907236726555,92.35635046205064,7.4674042289984826,33.11155694099316,muskmelon
104.36283116172605,7.59132503913957,61.14065750287547,37.11234310314671,95.38564654077133,6.1919249113796475,34.96872701618432,muskmelon
100.34336886211095,16.41466386650881,62.70087190839304,30.356871143307096,96.1743269920936,6.4642223687923,34.64619833576084,muskmelon
101.25040081521898,19.394665721851858,41.33861627231687,35.09272011669813,92.78900020453304,6.716815615684096,23.3524147138376,muskmelon
118.22383159105968,9.480523388801991,53.82104489961921,30.532453630402507,96.6005924180322,6.042946790753479,22.995924201668547,muskmelon
99.69242425549791,12.382881734981613,45.81825604675134,32.913490902687855,95.85218970932685,7.068095132113756,28.699429708026663,muskmelon
93.56012711930718,16.021897409060585,44.16035710777349,35.86367385961698,90.25051082659138,6.625573092481352,25.25705303476892,muskmelon
124.35255658699427,8.645077963274305,54.14112205961972,29.42061609443062,94.34316252518968,7.3576171916917215,26.5191148080088,muskmelon
109.52369041059903,19.056496874275908,53.024784716233924,32.87598438049561,93.20496192433873,7.033844604544428,21.60325062630547,muskmelon
122.84442110966064,12.661565356892371,41.80871274743714,35.86182669198213,91.39254974517645,6.150551242642581,29.50668559314876,muskmelon
125.20525413734566,18.54079562238182,63.94158687022433,36.67705459766688,88.01926827410928,6.570361749620085,32.278138698582545,muskmelon
104.65012023993897,14.82013058293618,55.1579236843633,31.65025304038823,96.14026534553159,6.754842518079176,26.971763089062513,muskmelon
129.90054982647584,13.415504732944017,44.45995629821453,33.13069422863438,95.32615061967937,7.165290490347422,31.828726476627065,muskmelon
118.32095135991648,10.304831777866948,61.55210214600579,36.93443465376265,89.74737426956695,6.1956834548270905,34.63407452883668,muskmelon
124.73295854601471,18.612069913729307,62.159409615609874,33.41686824033728,93.81761562999219,6.818044278200462,20.768095237854936,muskmelon
119.82012341411091,13.569316433366444,56.192726869755745,33.02639804975535,92.4263019009021,6.25768366421665,24.180705727117235,muskmelon
96.35410767775824,9.543661843129453,64.32443451050761,29.531134457721983,90.42343381874687,6.885884486607877,29.152678643549628,muskmelon
96.15896518975316,17.31832653520776,59.630071697820625,30.37317704203891,90.59799672407914,7.406981798189245,32.38507168969217,muskmelon
117.91188132250096,8.069031879637807,50.4566020225644,33.59301872076827,89.68670159185399,6.672339873162337,29.01538816233035,muskmelon
103.09506720461597,17.152282646356333,61.01123954097014,31.236094694340707,95.54791439043211,6.155364849154522,32.56593647933985,muskmelon
96.11001726670466,8.078052982626438,56.04438511102528,32.71937365755294,96.1710154037155,6.544783794136274,24.30728395156443,muskmelon
110.02939624576794,12.927300414992597,48.61070115542971,34.93741298698328,94.83605650522517,7.279475953545205,34.59284907065514,muskmelon
100.66624768530018,16.3092152723695,49.85645588739363,34.77081971951108,92.28383521314298,7.490659654151898,30.933532036861248,muskmelon
128.099652017373,17.854604143255415,62.572525279084275,36.14419197214675,92.13243217338321,6.377682680020326,25.554802631757834,muskmelon
90.80944930559802,13.811911177040674,52.62644500676022,33.25250464830488,96.76628102474858,7.367181005182259,22.42569167495162,muskmelon
104.75530086223557,12.511430333022405,49.0133229462912,35.98495963603913,92.71633902880828,6.858149725457437,32.79520338481888,muskmelon
122.23712613661434,8.718749796663896,57.84786460209086,32.35436128902035,90.65184012756251,6.075028231353279,27.308743405181765,muskmelon
104.21746722898126,10.269669515793211,57.366793239923936,35.69485387315587,90.20310567126482,6.0741711550190205,32.73129050847852,muskmelon
90.39838964817213,19.182462420979135,55.69049684956765,31.218466352013202,90.21830118619063,6.013508496396713,23.532071255163157,muskmelon
95.50913206068564,14.958160869400892,44.16363971484503,33.286298375366194,93.31104780110024,6.447062547520372,20.52597423528078,muskmelon
0.745077612283922,101.31736660969588,184.34748002819276,21.180097048142983,95.98150092983832,6.1475992357642735,113.58994302489891,apple
10.257652050191474,135.6515728187552,156.4101719497824,19.21587349533527,94.78028667595731,5.990466434864109,113.27473941004112,apple
12.938934166746108,124.70628705706353,177.2167290260506,23.44200002113628,95.6989818596805,6.55890492656743,116.02569675425858,apple
13.578060417194138,143.67798011363064,165.9362772672901,22.127630727487936,95.8212281042619,6.373830755562991,102.13020340667765,apple
17.842240313821627,101.53915511188201,184.9037813725846,25.587941427043127,96.76555542640965,5.581201612603481,117.90570582353473,apple
8.556811412541059,116.5316477429771,145.4191136179444,23.62654119671309,94.39520362837307,5.6568316872265365,118.37468521291251,apple
14.759062405058769,138.36391505268242,194.32239129574566,22.094707418887772,96.76536384311069,6.798144107624029,108.89504713071817,apple
3.1856607469891696,121.76946980640068,164.113922477358,23.757193053312044,94.91693116163874,6.624980476569963,115.2966984461683,apple
2.096452818815311,142.9145667776553,158.5858749911112,27.71297460306592,92.58930054339885,6.937376758348755,102.73035420647551,apple
4.62072275894119,102.32899710432707,182.3067887983397,26.502987365717917,94.1703554090799,6.892783112563644,117.708972152668,apple
12.600142708930465,142.2709600850385,157.80801230311033,21.542657213276257,96.52975959597322,6.851445244058146,129.29448328602612,apple
18.036766328833423,106.36860180166805,189.42345716821924,22.09838478109594,96.9540067797297,6.208421446493202,116.61508247506661,apple
10.59549830513597,116.0868514929139,144.5013253335751,26.956512304019185,96.01337906263143,5.709290170839504,123.30304814050218,apple
12.5169333210122,120.45718939588112,155.24126894573376,26.597287835022325,95.50094129647026,6.3216098642037055,118.28705601695393,apple
1.8213236416436196,123.6959880455596,151.6220175671421,20.083836790088252,95.30651981143433,6.866884227751433,112.1126983143504,apple
4.154985460243807,132.4373468618327,192.27122278101905,25.483188011224907,96.34378615268294,6.304832006516199,122.55628733107572,apple
2.8012911871787294,117.41373076815958,163.37294986889134,23.112957462460344,96.64538180128412,6.8114448403332615,104.03576476867553,apple
3.455793037649264,117.88202747944557,157.44463195344042,24.147709531562622,96.51388023882272,6.94343731250888,119.60808857605679,apple
16.763184028021733,126.26011001153985,152.49961681160238,23.246884120934773,94.77541300718826,6.613686346320335,106.59648969122047,apple
7.3662076417346345,118.20137346072832,197.5663757444699,22.43944960326719,95.77546983649073,6.626217072061658,107.96632554409724,apple
11.437393787434642,144.7151446659324,168.51186316741698,27.45117507342546,93.07229114662081,5.611238658661046,126.74361619434248,apple
16.953623959244332,149.62949379669223,180.76360928674558,27.366879266671496,96.13474512542055,6.76663949968013,117.07424711362805,apple
7.6472919583342165,146.7279036271641,165.92703053695368,23.38819367249669,94.23057153562594,6.347227470940296,114.11515236976982,apple
0.9593511715895175,144.10240930038492,166.66362913494618,23.88943648507349,92.69593901378994,5.505081771973959,107.35870280930929,apple
14.091720642667005,104.95972650564393,194.53324642318807,20.150225693561847,93.02296807145888,5.772261942432244,100.41945138914095,apple
15.436109369564692,143.75172656226292,176.84976215697193,19.881999816798622,93.4263899847044,6.213890046047445,128.630378548699,apple
4.9470274363548565,136.5822951959944,166.3668933975752,20.97847348360022,94.27957968511056,5.606810076311849,123.96062112791087,apple
4.8660385596593425,136.27060615964854,144.10090228689168,27.55098556165686,92.9650749270285,6.82411311431062,124.28419628846304,apple
19.35719848162832,123.89453304728748,183.6438376307571,21.70710657037784,92.92184119009846,6.164613899400173,104.97247046165364,apple
19.64089245572768,104.81232455703582,175.3527034071572,24.26463855254056,94.69039771437028,6.4932788285677505,103.48542325035673,apple
11.100370484105822,114.36062855636808,196.4105637980634,25.620716534397257,96.86257241079872,5.5563341046102845,108.55399525542126,apple
3.90845173276698,100.55772936559153,154.53954381477928,24.78775983520429,93.15544461067284,6.2635051682239276,126.63454344894996,apple
13.875158406981505,119.7314534953016,162.3481363347265,22.557358140084848,92.88520720529954,6.451001151123982,110.92458457313816,apple
17.047306985240873,137.82763300289082,176.6307898455296,21.64202222649516,93.04965915836742,6.664227796158434,114.59227296973259,apple
4.49500076354715,109.7587307520003,149.92405427008154,25.77161196205595,93.14493592650156,6.2899633952877965,113.5463908291917,apple
11.592217984565679,143.8577450185597,192.06484340490385,22.510760718248598,92.07683125367362,6.139665708571455,118.18580612272422,apple
11.155295181961236,132.56680529001028,149.244543948385,24.465350987807327,92.91325809371887,6.625785971045124,110.1726283978804,apple
14.197908667629072,102.39327994530535,164.4716015354548,25.050345222633325,93.13435258165747,6.692930567195834,118.92339199314796,apple
11.751235442995966,117.67744271021685,168.94708822286705,23.97349300977853,94.36231056957445,6.5474699859108405,113.01090799320879,apple
4.045463634840607,110.69668914005236,140.34822613057648,21.009577155586726,95.74458820239259,6.6912440632564145,106.07402626287251,apple
19.180879937428156,125.12013967400634,195.01872494111015,25.06765281861631,95.61216711511207,5.627565431959106,106.59973380690792,apple
0.1762966658894527,135.80638202383687,160.6662973057106,25.866525160763466,93.69468109968513,6.729000628448292,103.9209476124494,apple
3.467463135150164,117.04382697919682,164.5092433329364,21.487028108429783,95.8182351626161,5.645427088940072,110.53651058915464,apple
16.744799990309186,103.3398538631086,196.54061046028144,27.86316842272013,92.4428408691254,5.936908783383606,111.17201998106069,apple
15.52782737305452,129.7963406058367,178.66194202955404,25.57509822818506,92.58989499718513,6.749814185365393,121.16859412540433,apple
11.546834503927405,144.48676673915284,182.01838123302844,20.016999626310255,94.14872690537834,6.2410643004036,101.65652880251217,apple
19.092750267201115,106.42886303984392,181.84767603360362,23.062310360908803,92.1281612494221,6.887121213796543,125.555104264568,apple
10.48515855807671,111.44711680697226,147.29737344080564,21.633924794321267,93.27714140523045,6.2600368015094485,128.99227888370288,apple
11.499069864592828,144.4965527945049,179.05273024974662,22.752465265872004,96.27303781366686,6.207052165259496,126.05884511531083,apple
5.831535391515306,106.44065368814941,191.3188678617763,23.874151637926666,96.4454619912448,6.906740810488575,101.60885171114347,apple
10.019386037177366,118.74822745372646,177.55150382420703,25.935911972023234,93.40295107987184,6.335197576559757,121.26185739714698,apple
2.6886216567146803,140.70334529756335,176.3665759911784,27.495374371136517,93.69764459565347,5.662218913505798,115.19503603110776,apple
1.716215434188777,148.47632616620035,142.3210974954315,25.53503901107308,94.62551199071122,6.052930978747433,101.97526493525964,apple
12.443338483472155,129.26101646954777,156.85299638405598,27.102217014103122,93.52055003671418,6.1745881158881595,116.31287367755968,apple
2.004637563525722,146.60808596068162,162.47216914706246,18.807792138743437,93.93645586837665,6.400303820638871,115.40958015463988,apple
13.89083948074548,102.77419710339554,157.07243661632336,26.19230576840102,92.3994684389568,6.7832289320439365,102.75688276231318,apple
16.689084297833926,118.03942005393634,176.73254379543295,19.528871156479983,92.3308436086259,5.823907306030202,103.83561453726087,apple
6.248117953592636,125.71916232555101,175.32556781390056,25.898681073797427,95.28119946624179,6.413137487694329,112.35346082457323,apple
9.476168699202773,120.72604146950906,190.529961803683,20.300004525484,92.02860465770982,6.476979845839359,106.07386550916495,apple
17.802302726196185,142.9523164853328,144.60364231569235,19.06388405414077,94.47585796123333,6.413833994154032,108.24725012446723,apple
14.335954333987413,129.74580104594358,159.48944658491328,18.253714880423157,95.75075140649258,5.822130498737624,125.03421230387886,apple
8.405805201085103,128.85387213158828,192.3769238245401,26.636230009199533,93.85759787621787,5.813333339072265,123.25438233185784,apple
8.661604072042623,109.6020996779502,194.265520539029,19.981041942410872,92.12903584095615,5.53041996065113,118.66946069362793,apple
13.233501214350607,115.5520852528492,159.2006593548238,21.394939150599427,95.40079273379439,5.587200686540243,127.87349058073977,apple
4.450420883548929,149.98366026210462,150.29136162723123,25.715464573123775,93.11706272464812,5.621270202464881,126.24799973051947,apple
17.175025183817837,120.17851962248007,182.14376855242563,23.57065932683917,96.26478056836875,5.972583953977981,115.71017199996956,apple
9.70744742409101,117.69529131284294,193.48730387338233,19.658779246625354,92.74754319760348,6.365364302984127,119.72482689954826,apple
3.8923850864913034,119.5358721127312,196.79383057872462,20.46617422690674,95.34180351058697,6.610224090546386,113.44386098395479,apple
18.75051973519166,136.83283676093953,167.47547479165388,23.69335201776094,95.4630672171255,6.388285270643827,126.36092751478228,apple
7.137773245608024,114.99428700279024,152.83033336971585,18.377829680645952,92.21506982190027,6.805082789663924,120.35179439217723,apple
13.210648308729722,130.7321409467443,190.9531486816463,22.802669256656273,96.3520541427915,6.039167539273359,127.80122513017272,apple
13.973139601624801,112.85885680122136,173.8450953013175,23.330305614882555,92.68949410865167,6.386864358625921,109.44356871150873,apple
1.0469753361920486,147.43280788532826,178.48942214385727,26.76918931870847,95.38028002506627,6.03547553821017,115.38064216986434,apple
13.514935206943541,148.01261626007187,155.2201675473018,26.749770586241176,96.62038902647134,6.505623271988435,127.93799882204013,apple
7.95757174954737,147.65080880202214,182.16697262995848,18.42005767418812,96.53436415909526,6.226709213549789,113.80980954333498,apple
11.329332119592685,107.4692273385614,168.14996291404393,26.311272167177457,92.07741229568758,5.909375740486557,100.07363759331533,apple
8.314226182996967,136.41577552468675,187.9263097468777,27.451897611270066,95.04252306485394,5.881940299979343,127.72443847410096,apple
15.506315077607521,128.72142415015722,181.73841294313615,27.243163550074293,95.56197014236461,6.052561761377101,121.3908460686729,apple
0.8055632547077574,119.32077809152906,164.37938191073476,19.668382344208347,92.11542740275885,5.700071854956614,119.63864487391166,apple
16.04577632727375,149.4101746363487,160.78181018650966,23.993792222611017,96.68572483407561,5.750562672007229,121.52936759028228,apple
15.099574662983263,104.44877679346692,191.6749631109839,26.131050471108438,92.16701503288718,5.636626622320077,101.47380681675557,apple
6.694870635987245,125.46444953399632,171.94086367727772,20.676667597694426,96.55798443280138,6.05239418480787,101.36650467896058,apple
6.004542230827727,126.55547112720777,164.49330935529392,20.738425190992594,92.65661624882159,6.728746750144344,129.88435726372575,apple
6.590842670477642,119.0810522088302,177.08225148061743,25.18441474735541,93.96014767401796,6.857394275472723,116.80011967686755,apple
9.00780152811862,132.33363765799527,197.1682308949504,25.945522944217053,92.20006565267562,5.99846486610994,114.11634054853668,apple
6.290351444182106,135.00937804152284,189.57614899175485,25.313450951852715,96.94666643414138,5.908821471839544,126.24968485073265,apple
15.332453303489723,118.10893787790731,184.04747261941813,19.04075956418247,95.94666741170276,6.298495903880654,108.7687051812776,apple
13.115546035683604,132.08099993572046,152.569173363176,18.303974148115262,94.16811293450837,6.354267804016632,126.29815835111795,apple
18.56433591295189,126.44026090783832,185.2282090261127,22.39303272327997,95.73041078286447,5.80720228740875,111.13194204410594,apple
12.684559976272297,100.90789828035395,183.34767862033723,26.35535501268167,93.99570830546976,6.171913625765747,125.53846636649592,apple
15.513092706520668,114.40747445166875,159.43856639369233,24.788782323905966,94.8159904622408,5.743344356644745,109.29789727687499,apple
17.999665537573083,134.40872183611316,199.15845906113117,25.670125299807694,96.70987216071795,5.824282860805713,123.14454624450778,apple
0.4043504029559486,133.5380010855767,168.15693668721448,21.467600719200686,96.31202176146545,6.781401538986296,100.6690511469593,apple
12.19010244898862,118.39161121604782,164.93966009002696,26.32040739218776,93.54919885763839,6.91457321595643,105.38901479116423,apple
13.254448467363556,133.60525335068823,155.1317096856751,21.24750608967202,96.1739924628997,6.642707882432429,109.87287640944278,apple
10.679130938698677,103.08401481265477,152.52475294391775,22.85820558860399,92.42986867639605,6.7649985323379065,121.54018630322943,apple
18.872673412969895,134.67334529820135,196.42408233573113,23.54512555690965,95.00109305530985,6.965456581939391,119.26387440592781,apple
0.615731377214932,136.19013883152616,194.32812152824494,25.955802497943267,94.91916636312712,6.506955269640274,129.70575367755015,apple
1.8132417701867665,133.36224143166197,157.00386167423562,24.4009039658617,95.0381178794197,5.730185248162243,106.20239937220717,apple
12.432591560864271,106.41149736518871,155.91085250781936,26.352455477380026,93.6354575300082,6.232090234404494,128.2342100543752,apple
4.542981776738926,10.234016277728166,13.70332440869673,19.064067154047667,96.11488048041434,7.373209481360273,105.53280148745246,orange
4.566616731866208,4.396949280681053,10.14038288568998,11.698586211853879,94.39348882694469,6.991695880238575,90.8794328324291,orange
16.731875582619022,7.979892260658916,10.915633207856676,18.01520482546891,91.86476908167027,6.661931704199915,91.31255990671481,orange
8.028870985200076,16.237566291519734,18.642821394985564,14.961965644760461,91.81227244191172,7.0539406594854785,108.85544002210554,orange
5.3412188047872045,11.04230730460699,16.735571896836817,17.31632283248846,88.99527709567559,6.941599103343399,93.73492569194654,orange
10.204318681568083,12.465652282567016,18.01925379559976,15.549931288149258,90.51498180012305,6.346449522324047,107.48503753368672,orange
3.4202170883645677,10.8138969741303,6.994769838831152,19.279648481372504,92.26935375977158,6.526715535835218,97.22199281252934,orange
17.044284134459588,12.86038326871101,15.485885618100218,20.764462195008214,96.11567508436578,6.492763581506795,109.0490252629277,orange
0.4975176402921089,10.02936897625865,18.332781720141465,13.295642557803795,90.45773305289187,6.453933427622833,102.24626769693845,orange
8.766655512287077,15.627757381653481,18.318570281034653,18.090392499314326,89.84020048177818,7.399022853540753,95.28985746694957,orange
2.9978859065631625,5.439476461775374,13.01413985065865,11.365149549767821,89.24898295701368,6.450045720893245,95.63306019368927,orange
12.084790206642847,17.067924471562904,16.18159449924628,13.149813456597721,90.20779448187382,7.448687295160451,90.16472483183921,orange
17.594410661204314,7.1956563059584795,19.156549169436285,14.107687417930237,91.96316596503927,7.060680920916571,101.7533810294652,orange
6.358786594136456,12.861294653885176,15.69131014980618,10.508019350829905,88.10079374730134,6.687100408609337,92.63673235607028,orange
13.286885829294288,7.424839299638947,10.925617708730735,12.372051242491228,92.93635227174212,6.174080189076854,90.46213705574961,orange
1.0226327621339437,19.26813506424496,6.276579497774973,18.50173903764202,88.61133583800543,6.162240528352774,100.1775250281867,orange
9.297418603086873,19.225284951037914,19.117367248331796,19.35530371050958,93.41891647114615,6.682440476089517,97.12357068656843,orange
18.94175093951111,13.646540982794969,13.265160442975912,12.78281346122698,88.42028036096602,7.417782869639317,96.27470517689308,orange
8.851780466489174,5.834239097371309,17.390789278548674,10.331581994271168,95.50591685889187,6.21042751918195,107.73128225262305,orange
14.595452746723147,6.634724200116882,13.05308788575149,13.751875772262633,89.60409789020426,7.288773299116663,98.07045533014458,orange
7.97087428730765,6.71818679690592,10.129050817372459,20.4594021559462,91.26815839440673,7.427405343749682,108.92617798416775,orange
2.8979731861469205,6.836980056362318,17.802785125310226,14.71313102709663,88.03936584054708,6.410807729558057,101.9525798639112,orange
15.98531931919936,6.134217873492153,5.7686618306677655,21.065111842867978,94.76033531040325,6.884669401167118,105.38373579991855,orange
8.577087226132768,16.135291956946027,9.948847860392572,12.929134869911229,94.56112079163671,6.629508438235902,109.6275420865239,orange
6.98970364616202,18.747638728497055,18.927400777073274,12.902235364776953,95.18399063429212,6.649611757716848,108.35049454460696,orange
9.002485452704775,15.908859477397858,11.471478546620766,12.733609068554275,89.79415116050218,6.638146791384519,105.1098931402843,orange
12.101429703615336,15.018068638408693,8.51722161171108,15.777224151491266,88.39955738472395,7.226298623937181,109.79784324479749,orange
8.137581252493417,4.175418450104694,6.716682232815158,17.830322533005024,93.50871386383473,7.181797079378316,95.07768021922136,orange
15.272638310942682,15.007744344378716,9.165031963421493,16.545857776683544,89.32546427648494,6.678846755153374,107.62394679111281,orange
8.423827596507817,17.43306730360675,13.44405384415511,12.30252055722828,93.22995620228107,6.758974993735595,97.97282670392768,orange
2.3926087903214066,10.667338621555677,5.164198019834034,11.185228616785015,91.74324879639444,6.458072222952696,108.51088651724447,orange
7.51411610760541,16.125729953153602,12.483960421859884,18.449028023708024,90.3410438471386,7.412857459257493,100.60176993828848,orange
16.626481425704995,9.840731095617816,5.6033815848083925,18.084539772650185,88.06983683503682,6.7129394648482625,93.85603805332919,orange
12.547510088707243,19.670717970205637,11.430446501130335,19.809979078308,92.57005768256009,6.743760046656036,108.60846986357555,orange
17.79931737493363,16.57280744300759,8.740092053068546,16.540100988687286,90.01507509975116,6.665875047069809,99.68426131519581,orange
16.63280080338662,18.33645384519989,10.633920998343646,10.212453340878847,95.7559645581042,6.261418017752041,102.43763927780788,orange
0.49941800868262387,10.392103604169028,19.775364833845597,11.208323213245638,91.81323836799677,6.460724925284929,108.10176246776528,orange
17.386802158147102,7.803180164899661,5.299004592806899,17.52566072873341,91.02731840695338,7.008126585909094,90.64239512135629,orange
2.6679847035497883,14.981955724362294,7.397930484839964,20.29105210914882,88.52731798939122,6.323222974178362,109.97120496970138,orange
8.661522051735853,15.247450616714296,6.922608781712219,17.318424819826454,94.53495461532476,6.471714953799766,106.57794223951755,orange
12.068351569445666,10.225968153840483,12.922278293490537,16.92113016923109,89.4898176342448,6.60409855480045,96.86861176038987,orange
8.018054451582522,16.177769415764125,11.720614519466762,21.283793838871173,90.64308772022592,6.623555367427393,105.73913620958083,orange
10.920491866415006,12.752450342791164,4.853442608082936,14.783195952621469,90.43660359179559,7.499002684246673,96.1671014126462,orange
17.68993069587727,14.81973976064764,9.454662547073447,16.522412540489483,95.56482291954275,7.325052447046367,93.2078775001229,orange
6.791462824163393,9.363570883417147,4.672716737215115,17.178853118222758,95.69338047692969,6.572361581738277,104.80071889968355,orange
12.554008272014798,10.010379767888013,6.256956791876753,18.511886233311607,95.69108652047116,7.0287817386022375,90.35756968069636,orange
4.324657887819825,5.1116797581365105,13.126177593219628,19.077732146084948,88.99521268361794,7.257506730890078,101.11017956790967,orange
13.799380242834498,19.54242957773834,5.338895811963157,20.81468827573347,89.13492426388669,6.5894382099550235,107.02877392662228,orange
18.125084734757365,12.101946776722325,13.505674212406802,18.497768015182686,95.49482801607442,6.182266754306499,106.20138616458455,orange
9.625523010232335,11.209974801730704,10.782396031951972,16.110539022952512,96.50545498055143,6.822305659188228,109.06355076526279,orange
3.6058026123128117,15.58617566132213,16.995832617739957,18.149545976018345,93.46230052203886,6.847219171629273,107.21860965157393,orange
16.43293194329,5.956619538889592,17.57740251249405,14.96882343328531,90.2832714699623,7.304652852020888,98.64049599267483,orange
16.16729380353633,8.214457791293512,4.062869142755485,15.945510314835332,88.90205430978595,7.131563933287365,95.5215027213882,orange
8.872912932069575,5.392537041464868,8.586547975156043,19.377882919102863,89.36429120712087,6.970739341690436,108.34851705609003,orange
13.596735195154405,16.97634702867563,5.743546068862653,13.008781912024654,96.05084967016532,7.072658420427134,102.79107652754622,orange
13.275334722434,10.627208868874295,4.7129061058824515,19.413298504848747,94.10841912593818,6.709206696169087,107.99519230736514,orange
6.723193299701977,8.709147907699775,17.964741201271085,19.563851857107828,92.6348182958351,6.196102109186775,94.30142942930105,orange
13.124559808176134,10.160659805446587,17.38357106665554,21.39946011198645,95.25073232747427,6.5663181344933355,105.77372858462849,orange
7.028833469413669,6.673601404250142,4.534291277853718,14.628600553132241,96.13203373327553,6.358479881633515,94.13026329859568,orange
19.396415704820807,4.400065805609474,16.57251440630007,13.856439468890445,88.33739161182693,7.376703810314376,92.79284660419167,orange
11.035585674513907,8.384867318872764,5.0430848349550566,10.599069827960548,89.04001028952705,6.10705052083407,105.21116231039846,orange
9.711324045668583,9.486273461583675,10.693902562112115,21.14736082687148,96.19676631464333,7.073514720183866,107.69364754843376,orange
6.392960551752496,10.097749216132526,13.819394909667649,17.483511367567168,92.33529854211108,6.60098677265693,109.7236062321739,orange
16.42247252235449,10.959683166208723,15.636679635833096,13.234740319029514,88.90152393613597,6.528646538329111,98.05945600246788,orange
0.33074249121341603,17.036672026174337,9.747094438226904,16.965017989361765,88.6656686854386,6.262495243125876,107.79387450655119,orange
12.173750557656016,19.204544802727767,19.98000055026107,14.462321383997132,90.68922757674947,7.287534082738645,109.97222854074909,orange
12.592824684649147,16.722251560184358,16.50793374104439,14.264076498634564,93.16843342231378,7.24958541189632,103.76227752522111,orange
0.4232762796407652,9.387290702360536,6.311611145513686,12.79566654493647,96.14940529742194,6.055339933366152,94.39601423923847,orange
6.191387044764629,13.870145151462317,12.545627041373848,12.619233794240634,89.47816960500839,6.355197051894178,100.05059253403311,orange
5.423555714224069,19.161640025723557,11.421843542861561,10.705552198535646,94.5633976525297,6.4932679323134845,103.06977864116496,orange
5.59188741046464,13.131899867733118,16.354440076919435,21.136104901294647,90.35014429989769,6.502285426498472,99.28532840571879,orange
18.543496754719776,18.422189708970514,5.4380524816102085,11.583157909045731,92.45958259597575,6.159928909208135,96.91161746697395,orange
2.967707564349553,14.176645682110173,19.191926907826588,21.960805243532576,91.37717019247224,6.898518955671919,107.12535307048162,orange
2.3492414559276797,15.03303057683144,10.541498587601092,12.473753923361969,91.62478256872697,6.113940430447375,103.90814297178612,orange
5.054853374969062,8.982490320718048,5.937300771863404,20.375909366678698,92.44099851354464,6.8582203166796,101.3886536618971,orange
8.209862290826834,7.080478647010231,15.922123975974399,11.524675184292093,88.93486411250929,7.065217556394755,94.17674040903968,orange
6.135455027056647,11.603639472027844,11.18962106767274,18.50294950077999,93.61088614099025,6.966594243422799,104.28108661310915,orange
5.852254548469307,9.157332988807578,11.007963966328866,13.689546076402312,96.86444082073777,7.221077889632145,93.29309376512059,orange
0.11188311763739023,4.684532291956286,7.905015216686804,11.371495430042279,92.80004303403315,7.286992834091038,104.73500441826455,orange
4.312181261643808,10.388788096412574,12.126307352500442,19.722470194040028,95.55209442795548,7.364577467861664,100.1849050100575,orange
13.885494928717259,5.7888059397429945,13.044623359263714,12.984301713653622,91.8854519652395,6.951075762460079,95.13971875707563,orange
1.0437011559352216,4.16374170254012,4.354552568712345,10.100196850165236,88.99319550902088,6.359233071855195,94.42443028364599,orange
19.735931883597935,8.896097683343092,6.038732533750386,16.546750530013096,95.72161709857758,7.017090565181513,95.921641782709,orange
11.2323231958291,15.437695587206546,15.649671877883877,17.998461463572266,95.83729382298056,7.305158187516156,101.57873118814007,orange
8.597127382224246,14.265124729041597,17.091392021927412,10.067825258094217,96.92797308113366,6.274340658493799,99.40497971319952,orange
17.440594696857335,7.60064638470719,11.628723582406131,11.59098616217415,91.55568692849373,6.265703182189504,97.27255497542313,orange
7.46928433585444,19.89073263357332,19.917008468860356,11.377435343927349,94.53371901395512,6.077618219503652,90.60384030674378,orange
2.106677884899286,19.447770512126944,19.05381676631516,12.327133843368166,89.4550510199834,6.360802629773921,100.31093988150285,orange
11.394092640708198,7.545494887031158,16.105964609439123,13.71463803283181,96.2991819297647,6.985084059685096,98.72702388607223,orange
15.798240034056906,17.086634016746636,8.647705689743098,14.076574526033012,96.42359638355742,6.247111557544908,90.84300833925869,orange
9.081106452190983,16.819358403898065,16.346689700971933,21.03436754695399,92.79880597932136,6.1500970073498,101.77377948672031,orange
15.567912287064232,5.493249924317222,6.762518417561436,10.147487933868051,93.3428732150213,7.330101587918857,103.41326632004198,orange
19.64080175181964,5.008538439996185,18.44801736242394,19.76881944864017,90.82817368449554,7.460289827755878,95.7587549634283,orange
17.78609447656437,18.09197723318703,16.12252186564756,16.761645685754225,89.080024746552,6.797957601744748,97.1359251130987,orange
15.844340663107035,16.130067303949517,18.569800117961684,10.177961949180494,95.28192895140741,7.407693079687004,105.786008982163,orange
2.603889197407334,5.300465677454204,4.333523836923213,17.54494270993685,93.66705386673898,7.4803705713273185,97.96086348208192,orange
6.638125697949935,13.99079883495028,17.209738760121503,21.24128739427602,95.22811749561134,6.640010970923707,102.69828470624128,orange
17.12598653432234,11.849755012987831,7.466986299286283,12.036681276974475,88.00141970120251,7.077356992471927,92.2219441769198,orange
4.876781993918808,8.766021304364694,12.966077762188293,14.77548732754923,94.07206592820846,6.083457988993054,92.47878388528879,orange
9.984230070665333,9.391436605549277,8.733013804021756,10.804336948450272,96.06147257273201,7.037727879187576,92.432363136393,orange
41.62614894342852,88.99490133724973,57.02931376098762,30.42692892421864,94.91211728529049,7.134497679720239,165.09829910749508,papaya
51.94693264132644,67.19531032499393,40.275702106722505,37.0452424968439,94.2231551487226,6.304730905784952,171.38215387396465,papaya
62.87329754425741,89.56736657464384,61.85141407847447,37.971197041660844,91.7128033168629,7.263374377798851,167.03627389580942,papaya
45.77350898051834,53.93750196003963,64.48551284194,28.848319169767933,96.09624253327465,6.0061907320119055,130.9461163248821,papaya
51.64678271740921,59.54858735740254,57.2460320858991,32.35233623238341,90.54240058215343,6.243942444473576,147.46221715262865,papaya
44.64010159888583,81.68889388975714,50.401755888832,26.21461426895249,93.39040031590487,6.136257271592121,135.80217874389177,papaya
45.99024580070513,84.3811082098996,63.115313308324296,35.7413504813169,92.33854052192493,6.4086696616632475,154.71200608556077,papaya
58.04632901332781,89.73491152640699,43.28926779697316,25.640795987309456,94.8604912229669,7.248338675255859,168.08569509398905,papaya
56.961588726929016,88.16063216476749,52.77511908861467,36.87959237837076,96.77468495894067,7.270736185504662,143.93913534663793,papaya
44.90539127925738,71.92480259927274,51.32536875950471,36.41085844850553,90.70022169747007,6.3866100919672775,163.83095250334188,papaya
42.37466612443281,62.83057656086801,49.67888485134958,33.093719355314974,91.10692852003555,7.2909067355245645,150.13940059598235,papaya
62.92554279701391,68.71479654535726,46.87600647351833,26.843774772939774,90.026215662979,6.798236227477253,134.82205136171154,papaya
49.79319409077945,73.57087044948346,46.892147422567504,27.277915800759498,95.4230513582654,7.420186758422431,134.51981880378847,papaya
43.8897581096252,88.40050629010875,40.94460554530616,37.709220375156136,90.03251138159492,7.310502983476997,143.82963314444874,papaya
63.464721454432414,62.67781154542342,56.3576580383514,26.040423406957178,91.69630868017617,7.160519019718876,153.79086341554688,papaya
63.19922654467612,67.15005633365416,61.745309145348074,30.83642068721709,96.8547379509139,7.439751572098315,144.8111517500236,papaya
62.14809176042008,83.90445496862597,45.26700993318907,33.115775210182505,90.5087762091287,7.255066080875192,137.85456475765736,papaya
41.770367534644116,66.00876382155245,54.423053464991085,36.113920461277026,96.81969767865216,6.659238768854795,132.72011153433715,papaya
58.72788947564676,72.6069302489575,51.19728362111158,29.020495424298467,93.51678969490474,6.508019406685547,164.0655340486312,papaya
53.597342412316024,85.07391096616448,53.58859786623605,28.097411373419092,95.95764317562501,6.835828567395065,139.30784671646026,papaya
55.587695248905554,64.3086705976971,61.11014030730165,30.892896602405056,95.08508950675191,6.143304311454356,147.82109558360557,papaya
64.58103591180996,82.33841157908594,43.99852005917322,28.610932643204315,92.30871066199452,6.975548340743169,164.0647641770345,papaya
58.73816522019774,70.39496225225611,60.27051344595378,30.682015075847175,90.86716395706894,6.84666276248072,172.8535623070498,papaya
59.824841284812784,73.1480259076897,56.170141508727426,37.09730635146244,92.99839956104472,6.497091208413956,173.97587042502022,papaya
61.58607833775834,62.9217433847441,51.59451493402307,30.39601567710139,91.04366975070003,7.436728985719888,148.19405940488915,papaya
61.8832270659477,57.574249107226606,53.696770265930496,25.31149800661551,95.34954338689616,6.871370847369418,158.15153125613887,papaya
41.29302206386634,58.441533208344616,41.858271808839504,28.75588610544955,94.39207305377505,6.849278976476063,157.54674197260255,papaya
53.73128178444736,60.92115182703438,46.11268743361063,26.781775885975556,95.94349612432444,6.924719037811867,138.3929955626827,papaya
44.43023449553099,84.92142406104547,58.56827159408299,33.57218803876983,92.8480487527751,6.392963346417776,174.07528434007708,papaya
59.93098937557001,62.07116892545106,61.18911990696237,34.866115331990855,92.07956384914598,6.639829281362459,138.3679050425962,papaya
42.776311109452735,78.91048131358787,46.687796433846664,35.6607717547013,96.96926098060098,6.114929720894473,151.2865806287665,papaya
60.05156398277008,81.55803586164934,58.99992895827421,29.536934158924844,93.17697278979537,6.892452536012206,173.82732626079658,papaya
48.18868177346232,86.92575550867431,46.73392295451235,37.85796805115816,94.69184580779314,6.6952672205378265,157.60256926286223,papaya
46.81327922600517,60.96695430045867,42.83886359608734,26.482653870170182,92.43370219028237,7.144283216844558,157.35870254191732,papaya
42.56461400827552,84.08946099903645,55.034190674751656,37.49112249820214,94.69129827187845,6.262762295556271,151.320251303852,papaya
56.212439938680106,51.130588041999104,40.3727566038702,26.682239007781384,91.7616510453183,6.644323685281013,151.93482131919046,papaya
43.45069022344742,76.93566316463324,54.90345154241337,28.82803328493508,90.09561918404704,6.116471873029936,147.62626489798777,papaya
43.8493587791421,65.07278424591883,55.70456511275888,32.114086562430685,91.61823118196176,6.515733736888128,157.63140393018926,papaya
61.521375701086214,80.12853754955509,53.83500067083537,29.70980897811432,92.55535894279264,7.319125965396594,131.7659609218246,papaya
64.69956611050652,76.57501643406249,57.02844247680976,25.49397188496165,94.2387049242389,6.72716709013567,134.76005081023303,papaya
46.948050269233974,85.61257824854604,53.74971039664882,30.37441547726081,90.50877509088568,7.071182291103458,161.62828705282146,papaya
55.35109017431409,70.41050584882598,50.84461005518432,32.7125242088439,91.63376816209885,7.411888596266472,156.49575381311033,papaya
47.77981110885941,67.98719403540629,60.14211972192231,27.101008789493868,92.04984935722182,7.019262034104833,144.19701429170007,papaya
59.81254204653665,55.21813948709443,59.06715426136522,25.88857229305736,90.08814828867246,7.347335278248243,156.16026476195344,papaya
48.79567242717029,59.30378547855402,55.4221445815204,31.617028385977598,96.9411844287099,7.474823979980618,158.57610547637245,papaya
51.071762652647266,69.64563876538648,57.06197665592155,26.320469075059957,92.29846451667503,6.112908361505406,133.30123417826138,papaya
44.895981047355846,69.41013018372908,59.61935802906973,31.311446585156343,92.3483362739261,6.123529485505137,154.76329854324084,papaya
46.781714662079416,74.5973671166859,64.42969347831045,26.447086179208153,91.48487779105358,6.709641807149062,173.58762169056683,papaya
59.29524440674989,85.92916772651321,48.342871211894824,37.89650015912173,90.7198297124491,6.079459359069151,168.50211821743127,papaya
63.18162175517466,53.62341430184407,42.835685668646036,25.43126405082506,90.73155293849906,6.314129725200421,173.65344785095004,papaya
56.69650555599201,81.14212102074168,59.40348509228805,31.95595874712979,95.58242284399113,6.893711298584955,144.1545743921511,papaya
54.027752719210014,71.34034344538054,60.58632634398302,37.762453825961565,92.87729795794651,7.14508601766204,134.489335181716,papaya
59.42078423620721,64.85667647972929,40.98475407224217,29.722200321308303,94.27449925645152,6.1788752515222,171.58155215936145,papaya
41.94181033182097,87.20026879332664,57.67843794839216,29.286258280384647,92.73525243396365,7.111214047099116,157.06619953965432,papaya
56.79107303637363,65.5665846605392,52.19533704518997,37.868277292492614,91.49746009349802,6.626784279783197,143.13204344082854,papaya
59.12778776099624,80.56050502662883,47.311136524934895,26.058074116228777,90.08002873670543,6.641175799863728,148.46519174510968,papaya
64.70974696599657,68.79208302790718,46.41045923938552,36.585982733409075,93.43747564757506,6.898763452815867,134.30509196926957,papaya
49.57291018324435,87.76894697895148,54.73763460438563,29.478524116852,94.37967026442115,7.365616634367174,142.32957702126654,papaya
52.62791796176686,88.34762615647021,44.30990358246132,34.35563103275725,94.30136705742088,7.019512696710953,145.80488338004062,papaya
47.84698433709412,77.36838682353482,45.38858212761363,30.455511683167067,91.31722252237043,6.012457261684995,173.65258120171313,papaya
50.79257446641048,88.77398457679301,43.508087994195655,32.63576813294732,91.40681822953867,7.185111190444912,165.26663449424387,papaya
42.8151787259828,86.48257811505556,44.86574118008062,32.96870544066169,96.89943534061393,7.323594802149546,173.0453767852526,papaya
48.564969280452985,54.223025688778534,44.70867183223625,31.50643363599598,95.55260774791326,6.2252304662758124,159.68791895173408,papaya
48.089440100987794,63.648082895686144,56.54794325394816,31.070992453931865,95.68423305118196,6.233877764494241,165.54767213951675,papaya
41.60588120143552,57.7621552098242,56.403742862579136,36.11403353464392,91.76875739417544,6.490787408743369,154.1704336729033,papaya
45.289320162232556,82.44625046350023,59.34091612514402,26.88879225555516,93.24680812271643,7.162241649981932,145.17982889965367,papaya
55.827670567943294,52.008524858302906,55.21721901323295,26.98448874000789,95.81408327580115,6.533174195370718,142.6699238227688,papaya
61.02222441778713,52.00576092287241,49.91521998335862,29.81004602747541,91.99360261974685,7.367631498002216,163.7917777082525,papaya
41.59807910479847,78.58749797739816,53.18247832821985,36.71128262722053,92.1906193214385,6.861242999414374,152.53398736334438,papaya
52.23902265569014,68.24421598068851,45.14073688830703,34.8242289924011,93.15935222917503,7.4377744125039085,141.73637922367493,papaya
57.06859599067603,87.62868318556434,56.58645807540231,36.32654779902613,95.79236671829904,6.540176573233506,157.00557729727734,papaya
43.90653349528389,71.42103530782398,45.76054929535843,34.66857859438179,93.69640895324487,6.616841043947491,142.09586932751398,papaya
64.96746204603217,52.86842083539731,41.0890170143105,27.824346206420238,96.79750721039474,7.468857252479976,159.47174806474612,papaya
62.00266668016012,58.55846923363181,64.30105235441559,26.85620305181434,90.70787631727161,6.168317308870909,155.7907565472654,papaya
59.52436001795131,64.66668711498532,64.44739969465317,30.647461795538284,91.05313985541251,6.698950122279205,160.5566724440098,papaya
60.80564451260947,68.35073159826372,54.84017065122919,28.475481258065095,94.5214156848386,7.478957915925515,132.20741076645072,papaya
62.163266767629196,72.4913001107009,46.3024664890575,37.41356623012035,93.38348012141229,6.497535377510078,138.16739327218784,papaya
46.11130525641655,83.3139616636577,55.36025023292915,36.87219305334811,91.6237791651045,6.181707860773352,130.27393889390154,papaya
52.696550940399845,89.93227721527953,57.374131720465975,29.0091296955469,96.1380100811832,7.172583398981939,130.69368247344426,papaya
60.42151201352556,62.021070289539836,43.74183661459003,27.94230091658197,93.28005863062597,6.637301890602016,142.9999284718402,papaya
44.30545805517582,80.48923158568677,64.75274459337292,35.11129054545597,92.07155877370079,6.3672134421182,139.7949644229672,papaya
43.41737686222591,72.05322198769204,55.13500929883361,34.17153458862079,94.76149359653567,6.4384999669250735,144.8639952428581,papaya
57.03786338605845,63.97790563134514,45.315579740482825,29.866369998057614,91.90458910304585,6.132469081827867,167.3562506024494,papaya
61.327784728925906,58.79001200667518,41.61930498813005,34.604756685565334,91.4807003810439,6.590153234155291,132.88608635068223,papaya
45.65673961896088,81.71609113318543,60.10991117288005,27.692102723540234,92.35139691574683,6.201357628640615,133.33776836282152,papaya
64.80429286121023,76.22375804979356,53.552412729957965,34.95148050526889,95.88054011781406,7.210072152067092,130.74427521804444,papaya
44.67019745476246,76.19621208471324,49.393983695099074,37.77227446379439,94.65783354846778,7.43482336309381,139.0650916740607,papaya
61.598925702875576,62.85409223260901,64.73912020594517,27.049952736950914,93.61437873186829,7.189266800755683,149.46891162718163,papaya
51.70210150469117,89.45423182022964,50.63270375752883,32.852937307787826,90.38177762472606,7.26331512031539,159.16756220407945,papaya
50.10050257157034,50.64678159818079,54.7917205148376,25.164551770294107,90.00842529736313,6.924147843224032,138.50576803005495,papaya
44.797188742952386,76.13086263330975,41.34242969848436,29.07427229916923,91.04602331499413,6.870264554694801,159.77943196273282,papaya
58.028396339976084,60.20924867674262,42.2312437909146,26.02288754024467,92.98306083915507,7.418766613594073,139.7978065411161,papaya
46.41854003353873,54.035552084234354,55.13925684734826,33.838347361313275,94.50051845712532,7.291695364567172,151.88916257617322,papaya
43.36142601917661,61.576205228176505,56.5607493355338,32.970585658640275,93.71702190820073,7.024446628033031,158.68258826679846,papaya
62.0331222366238,73.44065509913186,59.46503396751391,28.23319302756408,94.74727809212348,7.353291177574014,147.3579547554925,papaya
59.47760468346617,78.99157204781741,41.48815492179556,32.55960802511294,90.91132544440562,7.450978758345887,166.51333762152953,papaya
42.743095031178,54.87007990590713,54.86184637281548,29.483559264251383,90.24434101351177,6.812462261749579,147.4530294858631,papaya
42.526912309293564,82.0768156902393,62.876919131970155,34.83572114218369,95.75695617011394,6.3247358508991764,141.86078279133704,papaya
45.21318850747969,80.60253725462256,63.69792697336243,34.31888368754073,96.17026735415689,6.9580486423247585,147.44469552514596,papaya
50.64404037325763,53.012857286696196,40.78642988115065,34.04118285445801,93.06900224407826,6.828322602081944,155.09475614300874,papaya
6.2701404533327265,11.614280173271851,23.88596465502175,28.88427221227857,95.38607845060963,6.12791000921899,154.14578098023952,coconut
18.014882287235697,17.85973796574276,32.69886627936247,27.70004996465014,88.31484239477257,5.652666999738323,141.14829382482836,coconut
18.27784620777439,14.38788372540753,15.715783151646804,26.35378596011101,89.40108512987779,6.576054370422308,159.4165610202801,coconut
17.333234300742525,19.05018481289989,18.23579570511528,28.097724847240492,90.16290592670347,5.896903918665345,166.58660429695,coconut
11.927138771847869,15.811070357191985,24.292503958662422,25.288579133361246,88.57775937398033,6.344807578169714,158.75156139280102,coconut
5.091280023045899,15.550553183876865,31.02398124315376,29.118974783621113,94.71777309559694,6.01007487582115,157.1340251782008,coconut
15.515943937071318,19.870825892929773,21.25332990333552,29.110407805746114,89.49058053469155,5.510182646004517,157.7358001039351,coconut
18.423866212935046,10.313679226579849,17.776733383546365,27.85099499382994,92.09546534327325,5.726625823413421,139.34316332487464,coconut
14.983705286384511,4.125518739849971,25.323841074066145,32.93766807029754,90.39605457685721,6.508228776530043,156.75600422474471,coconut
13.445469231696709,11.133594147179483,21.278137745391362,33.35924073027813,94.82601361299878,5.8031379335347815,134.12076777768823,coconut
2.364343363463915,5.508415646382977,26.2402565850329,25.516621758289897,91.03234187467635,6.882999254785574,141.77392666061513,coconut
15.502853466422467,15.927472611312885,19.162369785297543,32.28822180092745,94.7299897444489,5.993634814167567,138.41681934966073,coconut
10.904145330945513,18.74236140800314,27.4319513810733,26.72922497627261,94.14481232260168,6.068007568204586,153.66115189421492,coconut
14.94721666543905,12.239157624231117,31.09366346603948,32.221555793166274,93.53566006016659,5.376982039580879,163.43796443646272,coconut
18.782206121076506,6.191441980948717,24.25306371810204,27.588887419705046,94.79070976683008,6.80407409001175,135.63540482281596,coconut
17.663518153971104,6.8955690236480365,30.742439538610256,29.56980359628005,90.95445064202336,5.3955981566855336,136.70457024586517,coconut
13.575920539317107,12.806886207153928,16.563793854675886,26.12697860438325,88.65079517295513,6.85941836843386,158.47528340917157,coconut
2.1101888262369277,12.964321209551567,15.778199260096487,34.03745770608941,96.1640567726212,6.745582474532825,167.047556857578,coconut
16.41760757786012,17.25661721483279,25.963864861968595,28.06059198216176,89.9601920360478,5.818000055097323,155.13981720356247,coconut
4.280474180815579,8.138243786197146,23.829278118704753,27.330500985246154,93.29779302744456,7.307940071140825,159.92357462812507,coconut
13.662105668829348,13.32354361574046,24.246906094398362,26.865638596346596,96.05239409884179,5.62134000503209,133.65235510312644,coconut
15.25028840534521,6.809848549298662,21.809815990364697,25.282849282909797,89.23361148286403,5.43300907689978,132.17640511000712,coconut
13.47648217583406,17.392124732849876,21.839623533684758,33.74576476718201,89.92011917104114,5.813476058903099,136.02947972124673,coconut
12.790624712960973,10.71791345392491,26.87895028367987,32.61674905394184,92.91132714429654,6.56907588725447,167.41001257577332,coconut
6.682221882568019,9.74662301814325,29.071770595896076,31.113055170553867,89.60679614085743,5.940368275026225,148.7135205249886,coconut
8.968406921399398,6.852396933152653,33.413031927469504,32.62318761693976,92.33220248897067,6.7001525707670915,165.89130688542087,coconut
3.5873087048698533,8.005968811311643,25.396726192389544,32.99010371352359,88.32629405897374,7.4600453754909015,148.1962641152959,coconut
7.825391671812737,8.68359100543635,17.661490860668305,32.91573908930028,96.59872748271486,6.034111887113496,168.09682779013826,coconut
16.65215469326565,11.696818039621093,28.154549761648788,29.34984179170463,93.02851067391298,5.145115842546259,157.85053901202133,coconut
2.0036682451985977,17.073359150714392,31.323885518671705,27.370772875562146,90.91296502932221,6.203275946395733,153.86651627729927,coconut
6.459719573097938,13.4797824741108,20.253528537815278,25.554907210710606,88.02274794848718,5.252877644796071,161.69002800656074,coconut
19.267194935283406,10.831459188499508,24.7663630224488,26.46848169073426,92.95928217412141,5.361637255017442,154.4485732479532,coconut
18.731914684036223,7.131176628848634,30.05583807919914,25.235024228183242,91.37947517189458,5.276871269576272,144.09901766382796,coconut
4.297201473138786,9.972879841966199,22.767978928258138,28.005911227809182,93.90959754525817,7.297130128147274,146.02381496421089,coconut
4.6545199730254065,8.331564131135734,31.93401729342375,30.71639723270148,92.09509929076262,5.374091803772317,147.9890923329513,coconut
6.2913480637903465,19.090610045653587,32.56547229773035,25.83902541828198,92.64988140335119,5.56264586378668,146.43108358097163,coconut
17.660111966777674,12.440232318216717,21.01852116078596,27.07888354104997,95.2029237346584,6.561295038410868,148.72261841704926,coconut
5.132202723396583,9.347941986514101,34.15671196150889,30.200899376058345,91.60629353118928,6.30355510587081,161.15954023598434,coconut
7.462069793554507,6.859297934921742,26.283658485120004,31.652041034810672,94.41446202662695,7.204968976915325,144.84696482756453,coconut
2.431743028348944,19.333577338095076,23.13525047618698,31.232575096731313,93.99674790815463,6.366284271753009,138.2103011894508,coconut
15.347717952206688,16.860031588865304,25.612487306366233,29.885611605848418,89.02544364815186,5.209879153749459,143.58259382254116,coconut
6.906076954830472,19.25850321541234,30.456077591312024,31.5992429525906,92.65883280115844,5.4184188268166285,169.13826688737134,coconut
8.12577326656399,5.710809639155917,24.369776810030668,33.73998011613083,95.98561901599597,5.027414790141118,165.451829790056,coconut
6.158200132497312,4.623557823494769,31.80359567762036,33.63866755988208,93.36607971858115,6.436084393240896,162.5248109048568,coconut
15.939881501495316,18.241687575083265,25.607696399530774,34.67647092732808,96.96532147840004,5.2913615249965815,163.98175038216488,coconut
10.496622897223192,10.201061412797314,26.874518507537015,25.55965557262007,92.55815006890371,7.177226425066667,138.53846064555876,coconut
9.101408000619077,19.031694203438008,22.999840593919643,28.583676323323985,91.9648298331104,6.298631916293891,155.27965376525876,coconut
16.213163217417893,11.233635292229028,31.167099636892946,30.337206613520806,91.0463245933118,6.644877070298536,158.70889018973966,coconut
11.602930536960264,4.905839570155575,17.567540378377323,27.85297720890228,90.54363045356344,6.683552000617176,130.7339464669453,coconut
15.357953763940877,8.245479596910931,20.51045877053815,30.279098279439243,89.94333040845062,7.211178283938819,133.4147511730626,coconut
9.443264883720232,17.59075631127824,26.932721782845952,27.923295158426335,91.78684186998815,6.766735950856287,168.93042973455596,coconut
17.969635649209238,9.478924934118028,34.96215546504501,25.035046635310582,88.24866780227573,7.059601287927984,137.97850747332208,coconut
2.1546160995285764,7.7943691717840355,22.948103233598065,32.30566270433405,93.61901973896084,5.594053043901051,150.13081792402338,coconut
18.598068002572806,17.040124431740125,20.78698548146766,34.822645613556965,94.37758360391618,5.156123389166955,131.40642853154554,coconut
4.199751031190569,15.645693888802349,17.858517442690985,30.114867692088335,88.83934108162748,7.302215394575487,143.7584245433427,coconut
18.254509074651985,19.11801027056871,14.128701593587296,29.641351871987318,88.22190450136203,7.271731915757265,150.73630178938305,coconut
2.4239362412714396,5.76442765242507,22.053689514347518,34.402341928728895,94.23618236411272,7.169047165472831,144.65826585359918,coconut
1.821060291449968,19.589082195270628,14.36063280390976,34.47651653081089,91.3180968146423,5.025226012554704,157.56628926898034,coconut
19.630265776595728,19.450011565401482,17.37967723525079,26.81247806066155,93.08985023157695,6.593262066070811,159.57671654663463,coconut
4.439956848970803,19.34411338823095,27.413524382073994,33.47046918870555,92.86059143755755,6.035692118974707,169.08731626379983,coconut
12.060306045576885,17.869977324786863,34.019140323692085,31.75354627008659,92.94044810666807,5.008777127276627,131.60078562956025,coconut
4.81617310497121,6.976134909695924,19.34993469919675,28.049346376976608,91.24058944195656,6.051344225172191,133.9546535382406,coconut
1.8048767071028586,14.783111185168375,25.28403132170463,29.441442022201194,93.70995947051517,7.069198518008851,147.10771636464818,coconut
13.181269835987608,19.25715558136254,31.632114413092776,29.260008105024095,93.80245154033268,5.442677304789849,152.4208873958036,coconut
19.645237531630414,12.293041843240356,33.48040428299309,29.073349205032606,96.98960344466168,6.448050088068895,131.6907597694374,coconut
12.148341137136374,8.393163130873546,14.68210776275379,33.208533046946634,90.4815667328268,6.9913713851162465,141.52870331823468,coconut
4.692200723601712,19.58296918567084,21.594551882855413,31.013762114431604,93.48983343533024,6.401183705433755,166.58782974084858,coconut
13.814380355970501,10.459728065678883,32.10998807500975,26.810628991159643,92.89813081849375,7.376375929859391,155.0159051952165,coconut
16.52240055902265,14.456971608723086,31.626788134295698,34.444878798452436,90.45629554779462,5.4241527031417975,149.3596300133016,coconut
14.335386109660101,7.635060050915458,14.086130459033509,28.429351158367055,96.7197340192101,6.737418651514616,146.05301775764895,coconut
4.6589458495899665,9.697434780075952,17.566628099326206,26.063058213129516,96.16068135315298,7.494125845938684,136.5645775838316,coconut
2.035928618687315,9.275697714339397,23.69484279598972,27.048212470758543,90.71282420618702,5.502176839229144,160.97042273729807,coconut
14.538980921697954,14.159224252175708,22.1315749986633,34.09040941314236,96.72579287381518,5.43409828156353,138.92050565647511,coconut
10.986989532007023,5.460009108515925,23.165416375285368,30.8179126477771,92.698662140236,5.8272714576950655,151.69783224308827,coconut
19.21721813091811,7.296278468662017,27.751458526274078,25.43396694156052,88.59774764033291,6.379570560558962,134.197567213118,coconut
1.4245889801102893,6.744207962368355,25.861832590991064,32.03340954518932,89.82230707727243,6.670648593020436,137.29905324396918,coconut
12.655691105993885,10.591354878332782,27.729789696005952,34.95052752479248,96.44035268709305,5.010704394590259,165.41755057449222,coconut
2.263325108320564,19.24874537855752,19.91833926109338,28.82034830411271,88.82474384658155,5.280681895822274,159.0696226091728,coconut
18.94231247921754,13.771975919268952,29.032850326063034,32.61969744597153,90.36532847097648,5.113074077300538,130.07490975676674,coconut
7.662336376126355,7.8634276511874575,15.308672226032899,26.795282924936668,89.12049008441153,7.287195951543426,135.61068853836676,coconut
11.215320815765905,13.489695281794633,25.41327861188131,25.990564342159878,90.86918525575496,5.128175831157884,145.82679656385264,coconut
4.583379694160248,12.986120532550077,28.548976270831112,30.321198602047065,91.90813026950256,5.968333552141731,163.66767072388015,coconut
5.1679932362401315,15.747493432461901,29.9071288195425,29.192000072707344,90.67570539303075,6.176353715114939,133.72855703570795,coconut
1.8726706123527097,5.785651191230269,17.93004566070675,30.04176820338043,95.6422297254501,5.589105829999218,167.40648042987112,coconut
19.143250269765065,19.342473677523284,31.5888174282028,28.638250407977207,88.6541551990236,6.422046829416237,152.34725775748936,coconut
17.149539575082315,19.935856815137683,24.6713034377631,28.45204031039784,89.67311540400641,5.011999562043427,150.36454769955517,coconut
11.55485466734932,17.199015677078357,24.596116325748813,34.164683486660564,93.65275128914291,7.100840595552707,135.93206939230987,coconut
17.251386475743978,14.802301671101574,17.57489368120494,26.897635581460108,96.33850557139799,5.080538401125932,148.50139773182823,coconut
6.956030508747929,14.641239039974849,31.632217138948832,28.603781215565697,91.84211878590554,7.4547944612535355,161.35666038716812,coconut
18.04687848770404,11.020195530426076,18.91560028366642,29.118634653864518,94.44482726048362,5.273576012089948,140.81876422466036,coconut
1.8860821087702173,10.917563813410105,31.376360455571877,25.24663688298011,94.0779117412645,7.3312396862843485,139.4771144604473,coconut
14.179061973825315,19.601630417603204,34.20783926320173,27.349291930291432,88.90297947890862,5.37070634473979,158.0814267392857,coconut
14.789418633612236,14.787784986051184,21.057646142587,26.697769397581222,93.22684982757028,6.209201114394666,159.15336588489214,coconut
9.385841495026808,9.418235114983494,20.163050124539303,27.114703200497466,90.39171738567995,5.237076097110253,143.8742804371556,coconut
1.6948264348962057,6.982621554661229,29.68217933700801,28.254689886766226,94.01413315279609,6.792210438993194,153.24741370928453,coconut
19.21525708594257,4.343037865969812,29.511705662350984,34.58786643940408,95.76044556417645,5.419731729512534,143.0728122500693,coconut
4.276584957652842,13.620933821035266,28.955947621569337,28.17073769363058,92.85555916585866,6.727301425177988,146.85359266444192,coconut
17.226295078653727,16.344798964605076,15.357976420861984,31.211252990908292,90.11792995863775,6.393795661668188,168.27553770531864,coconut
17.702178086492754,10.472262449842107,20.12179102523142,27.34405744408259,92.79263382780869,5.285621133145141,151.97100032512995,coconut
1.0253391503250482,9.181594091933517,18.618620590442205,34.71218789960782,94.5451808761298,5.874133451155594,133.7138034612248,coconut
120.67202378762497,33.12274915182502,18.97358409667865,28.353623541788927,67.3158510420277,6.877440313226503,81.64121156251247,cotton
137.09062530525637,50.36566442609448,18.665401613956178,23.057594871435043,64.19174011758888,6.117148450732547,85.45377261272357,cotton
120.00369343128932,30.479211467518716,14.569421154554998,24.79631956199527,72.75177981437716,6.762864225072866,87.26140000833882,cotton
113.5611419897564,41.71387343306162,17.815937694294878,26.591299126231608,56.01151132158021,6.638610367606231,71.83970500575867,cotton
113.04740245111637,51.06201835739347,14.375032565247976,23.11245252578597,65.19785151461744,7.26714581185436,76.66680332825482,cotton
129.75461123552685,48.552978357155254,16.030212625684037,23.927501835387098,62.13112447376712,7.215854874650466,61.773874478144045,cotton
112.3368435531472,44.30580538228312,19.350765494349453,24.362893592936942,65.79896454442769,6.1358937959081405,77.22866486432042,cotton
120.06811936705397,49.62853892691044,15.390857116451691,28.678285021649327,67.88482801651963,5.8345794128149215,88.98525347597575,cotton
101.4220751019622,51.93714704353151,23.344276939985573,22.973437475400456,60.14822460393411,6.448449839579535,74.24667861257772,cotton
114.89351273541524,35.63863710686753,20.074734289028306,21.64263663720624,71.91962584892026,7.1810842228532366,79.05932831421082,cotton
134.1091986111419,33.93148168072704,12.22835092415157,26.192079250298228,64.15818813929431,6.76417972870298,95.97357636073612,cotton
138.79702294263774,43.22687535413447,21.9327226680817,20.838084334871642,58.21431169783011,7.04644816842006,77.25461825552009,cotton
117.83861081617623,35.40658435925048,19.895632985210668,21.851650454162026,67.5383255862779,6.095458057129907,62.55304138838854,cotton
113.21430754796245,33.54736820823634,23.55689130123232,20.549534538686267,58.53227385148246,6.732823329491184,79.24268763389895,cotton
101.83408073498806,28.174058272363467,24.844883245494948,26.58834700358838,62.308122618031135,6.599734821027511,70.66200481817148,cotton
113.79495134772839,43.577067214437136,23.47655338527582,21.84130023081185,71.80723010770637,6.006646270181057,68.59968894353565,cotton
101.48701152198583,31.379484690231987,23.924940891032655,24.594387466183786,56.55331723556707,7.4315356246662345,95.159692310346,cotton
130.18730083472565,50.403347006741384,14.861682470864935,28.363692930100864,68.79982392708612,7.2785907242650705,91.87646262970519,cotton
113.859802527073,46.58556488841413,15.411931938803574,23.285921630280548,57.15811434445952,7.389630247166797,71.64013453601126,cotton
120.82489860685807,37.39198807518862,24.479065567585522,23.350491709384823,70.57091642845378,7.254207462873006,77.42425989923863,cotton
115.12687257811726,45.94589970238307,23.867647743981045,27.54931733072238,59.54252731183731,7.310123170644099,75.50326669747332,cotton
123.04917647111736,47.95445486302506,14.449131976206399,27.84510135677553,66.92325595821355,7.318680791106934,66.87881607374172,cotton
116.82728948163714,47.9882342288041,12.250012144937882,21.12201366765643,74.8113042551347,6.276670103603596,99.02172774895814,cotton
107.30126204034696,36.666266632176054,21.78730277854642,26.577784072381785,66.62244799858111,6.700828598868513,93.7376177465896,cotton
109.3979425133357,38.619302247844445,14.020879798033945,25.959415957307044,60.010888485426406,6.367531509383756,78.85002866494112,cotton
101.07082342812511,30.206510462100105,20.917079869206855,24.289699807175072,72.29580443999791,6.980942406195139,60.324037665892895,cotton
124.66849323068539,30.249396785433195,22.152131337276426,29.91507688278502,65.62397588483023,6.960725150330021,69.49256643579007,cotton
117.50390975015173,48.54628797367321,14.176498320701267,22.65535605613762,63.9086735057206,7.010823116134824,75.03535819182696,cotton
137.10929119132015,30.26696923044926,16.82045456808302,27.08954123428422,59.51973531322985,6.915902328190444,66.56867832909384,cotton
102.23921139446746,30.904377201967574,24.089802180743753,25.517508829395513,70.92691550959299,6.365512651538587,83.70634591541787,cotton
119.79808534819966,50.69771102565505,21.718470268703435,27.305426314965793,55.92706538868559,6.734438437306275,78.67965815607259,cotton
137.11369066424777,34.176207716548774,15.507834892784226,24.113462488815003,59.86739426812752,6.019612660274874,94.29659386603203,cotton
122.33106097615664,48.672705254957606,22.804751950248047,22.82042354789671,65.95474888648548,5.941470094658119,96.61007536123034,cotton
116.17050860260612,37.44822841333651,15.93581981803339,24.60663744710704,60.03518773090896,6.437248863754568,91.99788194339527,cotton
133.37022014340687,35.30037946308439,18.09718759718624,28.738197762800525,56.053466636593946,7.311546435392835,68.76737382609326,cotton
127.14156976857504,41.981240713230406,19.18822972646028,28.593602247528214,57.03144287289322,6.389947643053581,81.53010985379062,cotton
132.4515541578416,33.19463400188012,22.43808793786559,23.99638482493936,58.778277128673906,7.09027694875392,63.63595605898191,cotton
120.59069496301771,29.53301881268532,16.63343211705124,26.010767990063925,66.12231082974426,6.487914210437933,77.16191975888464,cotton
109.07078213403067,38.94118212217847,24.392313124370844,28.504529177837902,57.904657381526874,5.850627338445565,97.34097250866523,cotton
121.0699899952299,40.90810775558339,22.14933394418479,23.146889738713266,64.63815137672005,7.446726952349454,86.88594747729628,cotton
106.14980127983144,31.19744195162448,14.65544185832907,27.667116744207174,60.907540076812325,5.8363610393476355,97.76697454022647,cotton
106.78853665579642,28.229396467553645,15.0827108309832,22.350287871181337,63.44010501691446,7.364662713550063,95.16739671116392,cotton
118.27578219929711,37.861597719803356,19.215118124173067,22.434540119717656,56.04369983932726,7.396681031491052,67.46795939508691,cotton
107.93602916982866,39.33904789249475,18.3909734829243,20.18434209700742,57.959094775479414,6.442863191553261,87.34922774042155,cotton
109.13673827327743,38.1523467098023,19.245485841314068,28.88592494623292,61.521410046542464,6.027049051967921,79.57088903590433,cotton
129.8688640673625,30.6366341692656,17.520885392060485,20.177851412624833,55.671183632945024,6.6210207174683315,71.92789192603718,cotton
133.8042919602165,42.4517033470349,17.901128502658874,24.079353710542964,64.94490960379126,5.868746013061524,95.71173425682639,cotton
139.93212622935835,32.35569099660877,13.564978542070056,21.435774634485952,68.22054116468735,6.924449425366317,93.91696649113644,cotton
130.07305553705012,38.792552160864155,19.967119700349144,26.88284670368008,65.25472940570451,6.608606673567782,85.80389782570613,cotton
122.29898195902615,43.45461532806185,19.96711206152373,27.191965605136545,67.85607017565752,6.683562226943354,87.27187245137546,cotton
117.97927860741711,33.80010942334243,12.0184368617409,25.599641471458433,66.81310453217282,7.452483240118714,74.45913336377102,cotton
115.76532971313247,32.84318995221257,12.916945838085185,27.728044928617408,59.9936212867865,6.835138263751064,87.51092142181926,cotton
118.8494674916659,49.0324507126526,17.769332932736475,22.84908623041765,72.92031045923244,7.264659283224926,66.56159788305652,cotton
101.03844073415684,30.159653352390897,15.725116181199622,29.722598017417106,66.1703230632165,6.434544944449756,95.54864378450986,cotton
118.12545325913999,35.56572708162451,24.235853873693546,28.49517666192678,71.87336750838881,6.670884063185362,91.5775359526182,cotton
107.17413437058208,41.757350981349845,24.789996997018093,22.909584305179617,70.88704658495351,6.6338132922537145,61.592227328883496,cotton
130.5207759126267,32.04565946541071,20.20915637272575,20.85664194046973,73.9373479499193,6.295930608206613,69.0585876670958,cotton
105.16545616265337,50.70405264013715,21.254748651736968,27.416608887180885,64.9880912276049,6.607037234959821,64.40084971965906,cotton
122.39364382335967,33.92599588261097,24.702889326405277,27.96580940015147,63.259841203857754,6.057280139775606,91.41326764555136,cotton
104.88215068325263,32.54401008392969,14.749766730674956,25.568906382730944,70.74113307980733,6.334335293831977,63.386792571011576,cotton
118.58153854097677,45.95464578783845,14.881629960136047,22.199245480393742,73.94454054693422,7.422061336102603,99.61862928246305,cotton
132.3063840629912,32.5164200600307,14.755759770390398,23.40225241522392,61.36265062666982,7.426097173432615,91.56295931526775,cotton
128.96035168646216,32.463117377395164,23.823832271710284,28.278703795061737,58.272836826558475,7.2809895643336535,70.88990145481885,cotton
103.23478983328424,43.763735356341044,20.4994605719963,20.94932009565618,61.37703617873165,7.487784585834415,87.13706668034948,cotton
129.20300666413317,33.11001485450333,13.024166923050887,22.769016897409376,59.97796770386384,6.19872497127169,67.71017287548159,cotton
122.99022762621618,35.874483420203724,22.664485195617896,21.83947417847384,64.29254141737088,5.823218321924336,79.26729289820769,cotton
102.23352883505898,51.46536428494345,22.277697672455368,24.901114766364554,56.731747163587,6.807157249343704,90.3505500280751,cotton
107.62869012018982,41.63700017889978,22.584741678977284,27.682477776463163,71.05984035734306,7.294849822278524,97.5072840863788,cotton
116.22084620814144,41.65045846054905,22.27857383859294,26.971398139457833,74.91040456528758,5.823252006877895,74.20532861263163,cotton
111.2411170508081,34.29558040397283,14.892887172485516,27.09123840815229,56.69518946550644,7.060735017703675,87.73703368065094,cotton
110.03216530003586,34.06801079596387,20.175187609478527,27.62171105483678,72.5297122617473,7.248637258552609,98.59531976655413,cotton
123.25539581346044,49.807733472168636,22.51067255238534,28.946676243140136,55.232532025707336,7.442035086171879,78.94120651385913,cotton
131.92731958299373,31.05289886410674,17.147234245581664,22.714606630209907,60.83317541001874,6.009534553916499,92.23055330172028,cotton
100.36969258324312,35.50013096764486,14.267337061813395,25.890389406083404,60.08504805229088,6.2402973726977695,79.53352575981275,cotton
126.10756157363703,30.911312909563925,14.28164888205145,22.471747445945176,74.47496428235921,6.475159249902965,83.95960362524106,cotton
109.66171250863911,39.77102860377971,12.963549267017454,20.34742145922327,64.3746705364292,6.4777207887813,65.4752127876731,cotton
127.50405715682935,51.82968378158235,17.14340867555726,26.245586359173945,74.25951884728971,7.2136094531596875,78.54208893210743,cotton
129.4995793783968,31.075240966012576,18.65735012102939,22.790602771799364,58.223273757923224,6.524677540632709,65.24058217734458,cotton
127.95940432697942,38.94976105728006,18.90488022334063,21.46375938668157,57.79543322186989,6.791806239942211,99.40038991317786,cotton
103.85002332950903,34.85755428557875,23.302968514992536,20.72272012255237,72.51771442733903,6.691286171737077,76.33067095705704,cotton
112.38722257405823,35.130811795068205,15.975433571843224,28.84803080960196,69.4759046034957,6.938529113312956,91.94996595808003,cotton
110.2845865201658,42.833027489962134,17.98086110645336,27.824416352001933,61.18512220946571,6.893403648678823,95.28849647269254,cotton
116.08601904779715,29.598930096819075,18.708660690443306,23.45972487807026,68.4445076109435,7.416755972072631,79.42433271987389,cotton
118.64760920622135,43.710035204595044,13.34546754671638,22.535061889250144,73.37958651000797,6.938902442718403,60.53776175933665,cotton
108.1850189023608,44.388094384693574,21.937189633313466,28.398595726740417,60.8435360676409,7.382748613671857,82.11787574311569,cotton
127.86156089551571,42.32173270671779,13.595620710770065,29.631146593848797,57.457511597883055,6.233299325899012,92.54511520891921,cotton
124.74387846004406,48.11557996903257,18.704570448862583,23.76993235366635,73.4369099909557,5.861628939775151,94.24520881412184,cotton
109.23271140751126,48.36967186609523,13.809555974419514,25.802189636905403,72.76215838022944,6.605017399728114,89.86266695213573,cotton
132.18686471422234,45.6758610092027,24.029286579369778,24.468342305199286,58.462508783303115,5.881278808294216,69.85839478550021,cotton
105.72790015520968,41.39076979442753,14.404289383752516,20.38933707289371,55.71979657737336,7.213668147220265,83.657997257721,cotton
114.32341207573512,49.461473025765926,12.912555948300277,29.80322072727826,67.32583580508921,6.111889231747043,87.16276395907875,cotton
130.53525039134252,38.30422680089859,23.201223881192114,21.507324072964703,60.57675167155217,5.958937014692783,68.43511362429409,cotton
109.5491524764458,50.023196582121045,13.01542595376503,24.274151201877096,65.64797374453826,7.327778191463674,99.90784874644854,cotton
130.13552459679343,51.29898377365671,22.232314722966358,29.632026409714165,69.1454145188891,5.9355978232668205,76.07680747970706,cotton
125.86389135209882,36.41724422690203,15.553990935479122,25.77399267133091,73.6700375340487,5.859469184977461,90.7692481416575,cotton
128.90909112178508,51.13488220931889,24.09924589032307,27.622325620441927,65.40817529365198,6.147254840496983,81.80942873302297,cotton
130.61407975678617,49.49606110330944,22.266256119737136,21.95266935191054,66.99372628456119,6.364694881203307,60.36822669562572,cotton
108.00883743154664,30.71729559840278,22.95534860601309,22.58506252147812,60.69395937775111,7.431892172058103,75.16346892195409,cotton
100.38342560577578,34.812307560307275,13.550894547823562,21.02808561735854,56.54974580271499,6.808541099298141,67.57390894519435,cotton
114.44971176164042,48.6884251871204,17.516395817351583,29.156913500516374,64.95876106791212,6.478022245227585,90.01555708362807,cotton
62.19525296304006,42.68435148947252,53.647369134151056,30.330229272110227,85.8083050063842,7.374406256015297,177.18568143700833,jute
77.89230079753939,55.0208988338593,61.55865573541839,34.804097295635735,88.23475416554707,6.381510131366406,204.0768496213816,jute
67.96419674992947,46.2622760028517,60.66238783173322,24.250957417332266,89.30777407326859,6.223892845483209,207.36066572552878,jute
68.2776765920431,50.521069822921824,43.20218507172764,31.611682552254035,76.96191095015749,6.986089559241995,151.0953122559446,jute
61.93124650545119,42.98983458193746,48.05584844744554,34.59235024457969,87.76355820756766,6.367216110091351,190.205880696731,jute
83.05094978077801,48.66488289758826,47.81618568167056,30.81166463491428,72.69749692816096,6.038973440588671,160.69640665227982,jute
78.805608637606,42.20854784601045,42.55271275640308,28.392100514038948,71.55740128612733,6.287548906742452,213.78888522884577,jute
60.57897396680954,59.602957725230866,47.22581434196444,32.744433612620824,81.77383440726808,6.335248131531967,209.3046641301372,jute
74.7582114782807,64.67608056740416,47.74430086851726,36.80091220089811,85.40978717002592,7.44892530766886,186.00285352369013,jute
74.21073396872102,62.66361427975774,59.12699031232232,36.53389534625225,76.49103812064999,7.198056860763958,164.74519183448757,jute
76.36723040236336,45.395444452275974,46.337536682008135,36.10765877368397,72.92181399546172,6.948601342702795,191.50679910491823,jute
63.622150581269594,49.77937131306437,51.51155610836638,26.433321916850375,86.0124731282563,7.458234764302125,165.03315799737305,jute
65.60735894371727,53.64805215392334,55.946366651360776,27.66080793305827,70.39759817394561,6.811830942049341,216.96203974371153,jute
71.73830566220836,52.60403662549301,61.25364121073691,33.02989895114747,84.3834384568425,6.844053008056601,218.22264476042693,jute
80.66599453276669,66.85098254815509,54.785092777597306,33.556505722925145,75.80821844284493,6.455218047020728,204.80892547032204,jute
68.90118867509699,56.88310212404595,43.984455461760845,34.620783950517904,72.2100270245538,7.244169959642496,192.19108603553212,jute
65.60728604481231,56.261061565183546,44.77997208433617,28.205075351496454,77.0305608319376,6.0949788704584815,219.01731790809922,jute
60.94603884393672,59.874906195528354,46.90946354617833,32.398133782307085,77.12496506175168,7.010625969388288,201.04648566278524,jute
80.71657921198934,43.41885944074457,53.76543763171243,27.639838142903265,70.57602741138668,6.62224600783343,180.34801719626608,jute
74.0152240005734,61.14472496172149,45.41225141941902,28.098646670350995,71.2110451248252,7.030231823988444,189.74782639797087,jute
70.48275338081365,61.155669367520645,50.89658598144506,30.100184296317018,80.22649087322253,6.954522187900585,196.20018232022196,jute
68.66873457422152,44.2223009017346,41.75922034857245,32.31208151673902,87.45746571534252,6.614244417518328,161.86641122306236,jute
82.69807494881564,64.97468423258346,59.1339786349032,31.88880857587853,87.21457118776169,6.023122437672612,157.50650612386664,jute
62.77728201156296,61.37814052764199,39.6699628050459,30.45273684206199,79.45413797272579,6.466055285337362,210.92836189594698,jute
65.11299605639988,50.573883531977195,56.5801160005503,24.395490087112695,83.45900800492737,7.224596589542356,215.2587487186717,jute
86.28889921474455,49.58152350501055,52.07273939175086,25.004815410956056,75.15740007096016,6.1413335681212615,172.06311031077746,jute
86.25561640376188,50.41500519022878,51.48555447203424,29.63395102549423,79.17833048597471,7.454358077754837,170.73081277847007,jute
78.81973408569513,52.601880087383414,39.467508345144466,30.36130081111507,86.26686658090216,6.148129453022532,154.87142931774162,jute
64.608945611798,62.93200334167918,55.37588921947371,31.34523099577944,79.36452808185265,7.332488722053933,203.66884766834377,jute
84.35826753905415,64.39786904051962,53.42521171389339,29.954190116107295,87.29355505171301,7.389011126404876,151.666423028084,jute
61.54664619798754,68.76229890725313,44.651854732260674,35.35380271544244,77.77590237922806,6.1786500864140335,155.6310240146534,jute
64.6952369724137,47.496795846020945,49.72444049433983,33.119472707355186,89.727971529706,6.662260114933757,186.27294596401768,jute
75.65447104149767,56.18303066463808,50.425775770507094,24.11407181580493,70.03449644219681,6.1464994771891845,157.10896224004253,jute
81.14690726864389,46.14748097547999,59.47313851413471,36.07188228450126,89.51786675791797,7.40862195733053,169.03218253429674,jute
75.29330534110537,45.26364910590823,57.3490317241384,35.549612166873246,87.0257767859503,6.650050423045252,203.10717192807468,jute
62.927375087288084,41.20734311857752,56.07767394341026,29.529618566272887,89.91098529479139,6.145881323783299,209.89393770746636,jute
74.39949196586976,64.8145058651163,57.61105477208348,35.907896017707,75.95700022572206,7.424699030193004,160.61668722503342,jute
62.459063327804714,52.948465521170476,57.87975124740422,30.154474698234793,86.58573355061029,7.094530208691458,164.65998702972536,jute
88.46644874698391,41.823435058882104,59.55871298105108,27.957764836874862,80.00296166328799,6.633527809051102,162.02841898418413,jute
70.74440599205079,45.788033088783855,42.89327541105257,26.431738868342944,79.78034760693188,7.196897051266973,189.82790236328685,jute
86.79619765652527,59.096334657301725,54.54416277518251,32.678893986451044,78.98918386367482,7.034008233300124,154.8795422528273,jute
85.79554415746989,63.33436430331752,43.88551899756029,33.98442190530307,70.25285202800038,6.325869858721321,154.5596067069627,jute
83.40680749853684,62.676224535351615,57.52726457124393,24.058262013231875,80.02465453356817,7.057254296276005,160.87807901173107,jute
79.49372182537874,42.52330297929057,42.35182054650352,30.185358594929813,83.07130305362205,6.218803690430844,162.96563315816564,jute
66.13339101196989,47.16102414096935,43.43729236463099,29.136938410469277,83.07579301673445,6.657047674701705,204.31817361249216,jute
81.57805517845844,43.79580742147227,39.17219895969785,35.41324033199488,71.59662133125747,6.2225087710795695,151.54932928906825,jute
78.85009095895961,57.47111689475045,61.685687994446134,35.530121152123236,78.2168635496182,6.557378761368803,170.77964239959897,jute
64.57220760113644,44.14250969806027,41.17480899223053,25.48349184342812,74.81024084811074,6.460002945469674,217.31052797272412,jute
77.35419753005658,69.62787323539843,46.93920674781616,29.949146223662733,76.49157318330558,6.274331476344829,160.02152954443054,jute
88.35237593423496,69.60432045396267,39.07782791620956,25.954496371512963,78.47048184602045,6.279500214516611,175.47162755388183,jute
63.872890495789,53.695352701653704,44.52067078806222,28.57476572486259,71.88625302925495,6.6421920760652124,218.82803276730988,jute
69.8649914064357,66.29287824527304,58.236779398968444,36.37675943786374,85.80219024534189,6.989395240588222,209.96091109592203,jute
62.26934041972049,53.88491971596423,61.74214972676141,34.00480196683152,89.24150756074447,7.169451534200219,211.24173772095008,jute
81.19588896909573,62.81506013251719,50.55627223614802,36.01509011058373,86.50077821246722,7.265827448498449,197.11063706741368,jute
69.13739841261747,41.06889386170418,60.455723105829065,31.619564534471458,75.96285942296281,6.2237026617713065,208.06662158505281,jute
85.09560583342737,64.43523904391594,53.48198460720287,28.758200038694387,76.08140569560514,6.0128321551772554,208.35252910817684,jute
62.622980924809276,58.92264994122303,50.09779872416212,30.846961666042567,88.53425690615546,6.047422516906863,204.13745572401405,jute
61.56157195101921,41.14460817806132,48.315624755393166,24.81997726645857,85.78287902585824,6.794344640472506,152.03271478618421,jute
61.215020594457584,58.38005589218438,57.34668362380172,29.691393906572056,81.09161343071248,7.199744181074852,192.73543218292735,jute
66.74280712976459,58.39156077608436,53.07870701756512,33.543390751454645,82.41748375113602,7.453863195687057,163.8101816101948,jute
88.53272038701229,56.15018471050049,54.12694737187789,25.293000766878468,77.61151882756214,7.154068719694759,199.48377105692933,jute
61.204181644962304,56.397827904917335,40.118676631241826,36.94613357931611,87.9459317706659,6.031620990642805,210.10547052318415,jute
87.58288801675224,50.60644667690365,55.26803972114638,29.747348700701124,83.10464969152689,6.510476106447287,172.5791465643288,jute
72.73301666572738,44.36703275957503,57.947335146449184,28.533072639701277,78.0029910781169,7.341081919053217,184.763666984422,jute
76.32761728052589,68.69494374331296,59.28143319547974,26.203067215549712,79.4643005983621,7.456944341142818,176.0656408760022,jute
71.147193255486,45.85090695367463,40.743754738859,33.623962279827765,85.40060937403032,7.4535194452545,204.1392747633754,jute
67.30057482100796,41.20349734865546,61.65049722487184,28.425859042066875,76.23943084864841,7.358932814624074,190.95699289814902,jute
66.44613521547404,66.67288728148719,61.840660521313836,25.1268212949608,87.24503256604974,6.585773546526591,186.6850712554693,jute
87.44447927294942,69.20137587325351,44.29193384981119,26.76706002247888,71.61033117183024,6.842696778993207,150.95230768154678,jute
72.3569489282981,42.20152049956026,47.72541879030402,24.51911846045292,86.70434521217538,6.314608490907849,172.98160972505383,jute
86.10143989819176,62.38798183996615,43.256920679409404,24.934692442547448,84.3134755371068,6.586053826032164,203.62559993827549,jute
73.35884317125631,50.38007238916829,48.828929797097516,33.7312668137188,88.04440573080748,6.074650794882864,186.68780788588685,jute
60.98506287251633,54.05228635073076,59.24678789832561,28.700673463464025,88.64900842161286,6.945912707475914,215.39087406551045,jute
82.71499876237559,43.10305499946287,43.54763282150425,29.12421590958558,73.40213764024152,6.742367407164991,182.99577089910434,jute
88.68777594082144,53.01183648687933,56.85504330291195,36.244837083069235,87.53977661947971,6.3130014367673875,184.7220925977481,jute
70.43219346887777,51.99576085411647,46.65936382989803,34.742669732275054,79.04278110244894,6.785541498367032,218.77131499329522,jute
61.799378165745495,54.63872919372246,56.57748096670679,25.965105456446945,82.23063189229548,6.3591971693017,210.71828792571972,jute
69.81298996200238,49.87188450702729,52.356653084429446,26.386317805558814,75.69777277806122,6.624947775179117,174.75465041980772,jute
75.74631654016747,57.989204322068986,51.60001889000395,32.50418805589512,76.1549903321564,6.189639340732542,203.2565279001754,jute
85.52341147892047,47.710186966672964,47.770206947792474,30.481399820526217,80.66653685505872,6.989235256631478,152.91222633487249,jute
81.64431248202051,41.85913020938231,49.23892562414883,34.75972476239952,79.02430626556793,6.223634623152372,218.95236915041718,jute
86.6785638622279,63.13940899675042,47.87627846958105,26.38999444956087,88.82822362837003,6.798526689775708,209.66488222712397,jute
70.26285017278278,50.05864951238412,61.652971536176935,30.783829630433047,72.81390847721492,6.329512016992061,183.73609955749046,jute
61.27412731465234,53.87601956134901,48.05458020992306,34.131371449153335,77.09883928978483,7.473823142309399,162.65389435106323,jute
77.72960054904405,42.69097891024764,55.61273561585557,36.93179794480563,86.38277275503265,6.833555311080452,183.93189501797843,jute
85.05089883800541,68.07922254132173,61.74095661915423,29.155009958338294,89.81834949589025,6.233889378260748,167.74848431523364,jute
62.670483742016884,48.15215549453445,56.430501238832264,35.088016656319844,85.57785290205143,6.9465986672515445,185.97765587658517,jute
81.2611286764094,51.72500647801665,58.19140043599285,32.80347122169821,83.95609396988817,6.803903989693607,211.96602889478208,jute
67.56044201037157,51.43442960083152,56.66342167226453,30.40573564968139,87.78428026848381,6.519598979644279,175.85311181737512,jute
86.66207368159876,53.93110960546123,50.386990020859685,28.32592829936383,75.53339884358164,6.983923066257588,158.38884630788428,jute
86.37817923548728,63.37609410295323,42.57795832893927,33.02225929571935,82.05265842571269,6.276802576104966,169.12424542351627,jute
72.26959511201503,60.97728205736422,53.329361811608145,30.919053019797072,85.36821086228068,7.136906609409249,193.2501407843579,jute
83.60970250154476,50.02790124337628,59.149988679742535,31.99383111542523,86.44727027624862,6.819418657185426,165.29067714920762,jute
76.27230386034925,51.13334991329764,54.73997686489027,30.185319292551565,86.72225609855376,7.017108768482875,197.91811031219268,jute
66.51466000473195,69.52749299473871,58.20020502251573,34.25706349928903,76.60430450320055,6.803447479270848,159.597223165203,jute
76.15427929988118,44.376677394498614,51.27290825575043,32.433384442013775,77.80391934499805,6.74781731749694,211.295737137221,jute
63.25689434108428,63.75198678998959,42.098109223908715,24.47720377646017,73.71149205490096,7.147564784955735,178.3588251335802,jute
86.17561550538545,55.74122623546798,38.534008446231944,33.31727692482505,72.20465817442465,7.184069450192887,161.7671784863626,jute
70.3633915741654,62.838142888760814,60.90155257943412,28.82864135840752,86.58800440397872,6.286188398213758,206.50258391417438,jute
79.72482177768754,45.78230521637106,45.260095048433875,25.713021551761468,77.65934022128627,6.3054729616849166,195.07985675413315,jute
119.78020416882235,4.312238240190868,35.818396265745974,27.01566618284307,68.71313184521217,6.506005334766938,161.7480567857967,coffee
98.86611205313554,10.991511918598516,26.120582664978272,25.860603775468853,55.788872068610175,6.550492469465918,152.29174572969174,coffee
101.34409606101711,7.491721074274854,43.652599314787196,29.261648704849545,57.849947638034266,6.34344428329401,164.5397108740792,coffee
83.82744829223626,13.218763349019921,30.02224573638012,29.408617101016876,67.78765954433808,6.579832741266864,160.81385347486298,coffee
117.22903178181588,28.2431223574492,44.38660250703321,23.877652188757313,57.40836716144755,6.676736698679886,161.6573790643938,coffee
80.73863619572944,5.611350935727503,42.7616076451761,29.082095568775703,60.35906382994068,6.891050616930535,163.74700297591608,coffee
112.23622588075608,15.113207850165571,27.267966546898176,26.036089438522115,61.85949696995347,6.5509441938406034,144.22330851617713,coffee
119.65607452198446,10.347557340979565,28.97104807074186,26.687620431991554,63.05812269092333,6.439820737833244,170.87568585301017,coffee
100.66617602914411,19.85208183376959,39.47492770815571,23.175175710947066,63.559662738175675,6.884194471228369,140.69554971701734,coffee
96.20728415203844,28.081913705351578,32.06308804565076,26.211101769401687,69.72312089566469,6.1993238589505735,142.61020756500022,coffee
114.37690363445218,26.58009887152158,34.44155669360026,26.599450221341005,67.53709554426754,6.738559498115795,150.60596008868043,coffee
80.67573420286074,16.47220422587219,42.178246521912826,29.270842736831135,69.34339295614231,6.879563237612781,163.20174221192394,coffee
97.78422396944404,24.146096009886577,39.79643268731193,26.76700401057018,56.309910588377036,6.926081346786919,158.2241015000665,coffee
94.53335127665058,20.368752274388065,38.47675922333954,24.47481541921211,67.55408267214935,6.2899370936623775,147.46735703657268,coffee
96.2559941141799,22.994562103334097,44.309163568796066,28.664968850600033,69.10522566505287,6.140605804076527,142.84707195454706,coffee
102.30819047626684,11.547734559144892,41.56109945938546,27.70391509981628,69.56092245978692,6.254792355731304,159.43136457420928,coffee
100.04961909701413,10.21859666629178,36.801867989760154,26.103001902554677,61.70082333984811,6.362736647972484,140.6771740970214,coffee
100.88380947659155,12.71644372820861,25.026397379686593,25.155605953633525,59.179424996346356,6.393448153223636,145.27407958573588,coffee
100.30735298540338,22.00344916547138,37.60371138109145,28.626284632984333,61.78012431980622,6.519091730339728,172.41607763435934,coffee
97.10804683276955,22.24158309738952,33.69204737435984,25.924153361580938,66.40308436793741,6.174836915466211,153.54343887766294,coffee
88.96689106987607,13.336858517157525,29.60749644732048,27.055839417606585,66.97256203926767,6.786613061217902,154.5800385819517,coffee
119.55041623577047,19.44021348235082,32.988006035565896,28.84877495468998,65.9481101896396,6.7492753368241045,147.84557398935488,coffee
98.73297229474221,26.40753140143967,35.080760152575145,27.784169203947354,63.81900599551397,6.842356787718382,151.3824335904641,coffee
103.01901111545459,7.2041013682549035,38.80421553398936,28.123774868468985,55.64255981783498,6.6757909636279855,156.58760616663145,coffee
84.9638750443873,14.917596240160158,28.884658593911634,25.908916724863214,60.76508541937792,6.738391636936058,170.96862232665435,coffee
104.28114617538186,4.589857896743636,43.62044558141988,27.803632960675134,55.512931748817834,6.818832899214118,148.01064618871985,coffee
103.16884758284428,16.132493618704864,33.396775647101535,29.22799604087078,61.56041937343922,6.075344117573151,177.8655490885981,coffee
116.8214092495851,21.795249929121567,34.3578505626405,23.65001631060465,66.86122177866214,6.075477914424029,142.74403939580583,coffee
101.49535369757473,8.163334244800646,25.15460534680698,25.961794016970504,57.05825847415099,6.160515415280691,143.0764255494134,coffee
88.2037501489444,22.602588674134125,41.17854614435583,26.167735508205105,62.59830723822127,6.032655034594202,142.77265045485268,coffee
90.30270902598068,18.141358938541835,39.79102297469986,27.23502142936623,60.881917824801825,6.118324073003138,171.23092939548758,coffee
94.55144206396228,23.13740437655253,35.25957683828683,28.170634374932778,68.60934342178858,6.921029516053802,161.40427120002414,coffee
100.46033459062555,10.907640103073769,43.71599663058583,26.205434170397346,56.91386858931066,6.43270491462655,145.08213000952017,coffee
100.10126737028301,18.593163386261516,31.755115229871706,23.50155429962039,69.15255303449858,6.77335311348343,173.55524322020483,coffee
94.67473577144918,23.78160678050571,34.70745790338388,24.407584418842323,56.8663506536082,6.345050869322057,145.50208445900557,coffee
119.93075904816274,5.278913746032574,33.82287198738153,26.16465465673269,59.50947892872513,6.571351565706945,145.9990809660618,coffee
111.35649522348935,12.643640674438595,36.826851795972836,28.009474652468715,68.33563176535242,6.8357874364522,164.33236112414238,coffee
95.53572721535548,17.083321421949062,40.37469586757605,29.142818797916313,56.55672892265008,6.384856262493053,171.04466393654002,coffee
97.26607050375844,12.63792186572338,33.22645393646539,27.219913227504456,69.99707716200702,6.492992429104532,148.33977899817043,coffee
86.51386301116379,5.1010934343867715,36.17634469836643,26.81200464042184,58.07850890170464,6.695329406452567,169.64428166518724,coffee
90.36392821528445,12.946593864773149,44.809433446945135,25.61985127495514,66.41202507634152,6.45272542662994,171.73379311443904,coffee
110.7609295513059,21.361656655161926,42.095566925911584,29.574529464143797,63.699749806781256,6.237468907222746,155.945158465763,coffee
110.33222854053173,20.922970613220606,28.555966771304973,23.358676788024972,65.24442390313098,6.2510790240293455,159.98680974916215,coffee
109.86987090050377,18.62933629706466,26.66605166223593,24.299061657484888,58.28992276046379,6.257864253644845,162.61613567802016,coffee
100.15863119301574,9.282160997469433,26.351096869113743,24.200025431323027,69.76571968927905,6.468546949791472,174.6938201880845,coffee
113.95009866675373,17.29950849403472,39.133754169210874,24.349264072888985,65.32595057390363,6.2723845792632895,173.28248387016603,coffee
83.3489653243564,24.101605495017214,26.99873813137239,29.16832465826016,59.56306777202506,6.654393364830574,159.5000911448112,coffee
94.65212581049356,20.781487662770907,43.950459611024755,23.28888823162235,68.78279283824656,6.609081655021013,172.2925720307621,coffee
95.3549981373711,16.267917345777956,42.37701503602328,25.90393578866876,63.019893501236275,6.020194923084333,146.3439202335217,coffee
105.667460318992,22.641399427660804,36.65201873568999,24.003170253929277,61.681081428667525,6.35509476636319,159.82645376140354,coffee
114.81316138216377,24.172397405124947,26.679790027783177,29.23216438442195,62.07650726724735,6.743862144885998,145.60156925057407,coffee
106.82878102828192,10.144476457845906,33.76761794281863,23.11804009057473,57.27415956895714,6.092080493123619,149.58976691753034,coffee
84.00072360097289,21.98966069210861,25.580798044184387,27.324183504374986,57.110617462383615,6.945161457177897,177.32376292439417,coffee
89.0201241008385,19.974953753798765,25.560106389449167,29.522519801358218,62.844809622875644,6.043223151417779,153.6999997203255,coffee
83.07397847444936,14.216555423707357,38.39852684322646,26.28922935629008,60.755832620791814,6.119157045540465,149.79756182774625,coffee
84.00573150953404,24.99496702307318,27.70479655969445,27.167613565842252,60.14110620383269,6.225978384655184,165.57873757968414,coffee
98.28009237507763,14.403782149398538,36.85704009784443,26.438873399430005,59.55226312827341,6.559061287765251,166.77994306202777,coffee
81.06772634347418,16.11266495159956,26.153665691670874,24.304837898476777,63.4076310111696,6.866188915265581,175.3122271675394,coffee
82.79776040554525,14.896732243454371,36.66012966009102,24.029489331852403,66.48148325117157,6.7442352584372385,176.13364054827179,coffee
80.33944048333773,9.633790343714068,41.543734284906435,27.694060355788547,68.41584780547737,6.057179654530266,163.87855862865771,coffee
102.76186299574697,4.927534825373842,35.27044153824967,27.26664217916947,57.86939761303161,6.273329583124663,165.6138938519095,coffee
98.73203790399833,26.3083550967765,31.847635320183766,24.86661760871741,69.77298910517264,6.911135770130083,141.1597097999592,coffee
110.82914461226264,6.868704119455277,25.54970389658742,24.91586861176444,59.04018818591656,6.819318762346965,168.4266898377134,coffee
119.26437709328057,22.49933540810728,33.365111065120956,27.892493626616517,69.99188600779603,6.710141882562528,170.46725423921274,coffee
117.53460060761037,6.954932794103767,39.09568586895453,28.955641705772145,69.31567900331339,6.2109692897116995,160.15716030896976,coffee
107.22219390577928,10.434160967034774,37.00945726500548,24.803051477485994,60.00185530797471,6.441518696510865,161.16760394986267,coffee
97.97463486500602,16.823083514486157,30.971775125765852,24.112755658158413,55.710249659902594,6.195978722491668,163.27774566023132,coffee
111.4446179121253,8.400437533515259,27.17110715545297,28.245032523844753,59.577374958059345,6.951499439227352,168.57271882441492,coffee
93.07024188972123,11.528111442636328,35.47396772542618,23.554012677947465,56.76514768967949,6.175857881316192,170.9889437321824,coffee
100.5542943707649,4.274745192135517,38.47033054944218,25.96583125062348,62.66278547445697,6.214116243412936,162.07128913576415,coffee
119.16612959005954,5.909561966149798,30.67834799328861,24.70098315002581,58.72823966126769,6.3787063575653775,172.7243913897667,coffee
116.5143475985755,9.257592273933305,35.85899875896226,27.45829280515836,62.827412115457676,6.43407639419692,147.67902023436952,coffee
99.52877436796953,14.43158552049455,40.91126725004539,28.345230514140965,57.00998021808506,6.0885190525630675,176.32615772910012,coffee
101.42033555857991,26.302824369347356,26.163022411328022,26.685609315651412,63.09139771864355,6.86070203254215,143.9043999291883,coffee
89.61782254703637,14.569996161062342,42.31682950839884,29.57218320549397,69.89086929390442,6.959193486458521,140.23767023377417,coffee
81.90833365815489,7.837777298097305,31.977241935405463,28.80942621690871,68.3898429300322,6.186834406294583,164.78656606478836,coffee
116.69447940261107,16.057025134214342,27.07087143905568,26.204695550592376,60.63692353432086,6.577657996066007,157.54634737628413,coffee
80.69383707414872,29.84394106875545,35.87080475461142,26.315415288392266,69.31926057256081,6.155860367587077,147.56950410180994,coffee
112.32058996251135,10.781608080650228,40.98454212583054,24.900734380359516,55.49781445337502,6.5170147238867155,147.86745736507444,coffee
110.31385171729885,20.671190464035853,43.47205335955836,28.480918500860152,57.7116393226109,6.800158236664796,165.66948179256093,coffee
106.758065670425,25.638835035223867,36.476481383778804,26.26202460047109,64.54961553038092,6.297957428958359,147.30388524348396,coffee
104.66351352284985,10.08005759622242,26.598302186932134,23.003879292096777,64.124791021001,6.362148783480237,170.09243882693823,coffee
95.0070559325241,16.636089654193896,33.1416994563077,27.554023537765424,60.342087430224524,6.963767649942309,177.4458794639412,coffee
113.92111610629125,27.92780703489145,33.98279376918782,26.755012777526446,66.13138888837366,6.696145924938541,175.62714382421882,coffee
108.65324109026781,29.945002413939974,31.97011599663182,28.830984195675924,65.46452234248996,6.691386445215018,153.03342379379995,coffee
111.4240716969209,27.40977658103758,29.37096923041126,27.37847785981693,60.882022436541625,6.989548119294877,159.15331263326726,coffee
89.13280695187771,13.928298255767645,38.076767796332526,23.532625599447034,64.05402880331856,6.931224759178898,174.01451150631402,coffee
82.70694146631934,29.82813684721577,38.97453847407758,24.135965770198165,55.186241337541354,6.171282636292151,173.52703682742953,coffee
80.86557299780655,10.06182989407025,40.146111906697506,27.102773751286946,66.74103565540288,6.746150503826788,142.02405548487218,coffee
115.70045676376606,9.902827691338986,36.06784880459527,27.51001709569445,57.529423163276434,6.9762312567009745,159.52623824349234,coffee
82.30570782389574,28.368813164223848,36.72535686386536,27.894352385869635,62.87763684901336,6.834737954776967,141.32533848772843,coffee
90.73513461108591,16.210857266469997,26.5320723262742,27.941346685286607,60.90495121083461,6.272667990268144,140.1351538723365,coffee
108.79321246999815,25.679042030694404,32.900810713629966,26.94952583923356,58.41529938894398,6.622197646280133,140.48549833260802,coffee
99.54575588395033,20.749342527857998,43.36383546459468,25.66935071985599,66.47785304471545,6.597687029943501,177.0804845170032,coffee
95.93510702637722,12.296478836697688,42.74283997388288,23.344710809858025,57.045780894005155,6.082404434584045,173.72439826305612,coffee
80.42429693481277,26.403086042923253,34.025355907425336,23.028176951977795,61.02467765818063,6.186800841045035,164.97601949888653,coffee
107.17435159686586,16.675716830529996,25.8103905087934,27.592901630570413,67.63058175408281,6.720324277326402,173.19831675821274,coffee
88.0203809420355,27.111086431068546,31.443869012959254,23.093833699763938,67.65087469493606,6.941821268964727,166.22232789669394,coffee
89.25746521853699,10.54535607134579,34.331857468712386,29.284817557209937,57.24396484221337,6.825973669583487,151.652112348206,coffee
112.34344677716392,27.927051137640003,33.5498774398864,25.555354578738715,67.03331978456953,6.529482882379394,167.37796193852787,coffee
